Workbook

Sheet Rekap_Manager
A2: Surabraja — monitoring checklist harian
A4: Tanggal pantau | B4: 46299 | D4: Tanggal dapat diganti. Rekap menghitung kegiatan dan kelengkapan laporan harian.
A5: Persentase selesai = kegiatan Selesai / kegiatan berlaku. Tidak Berlaku dikecualikan.
A7: Jabatan | B7: PIC aktif | C7: Dikirim | D7: Belum lapor | E7: Draft | F7: Menunggu review | G7: Perlu perbaikan
A8: Sales | B8: =COUNTIFS($C$20:$C$79,$A8) -> 26 | C8: =COUNTIFS($C$20:$C$79,$A8,$G$20:$G$79,"Dikirim") -> 0 | D8: =COUNTIFS($C$20:$C$79,$A8,$G$20:$G$79,"Belum Lapor") -> 26 | E8: =COUNTIFS($C$20:$C$79,$A8,$G$20:$G$79,"Draft") -> 0 | F8: =COUNTIFS($C$20:$C$79,$A8,$N$20:$N$79,"Belum Diperiksa") -> 0 | G8: =COUNTIFS($C$20:$C$79,$A8,$N$20:$N$79,"Perlu Perbaikan") -> 0
A9: SPV | B9: =COUNTIFS($C$20:$C$79,$A9) -> 1 | C9: =COUNTIFS($C$20:$C$79,$A9,$G$20:$G$79,"Dikirim") -> 0 | D9: =COUNTIFS($C$20:$C$79,$A9,$G$20:$G$79,"Belum Lapor") -> 1 | E9: =COUNTIFS($C$20:$C$79,$A9,$G$20:$G$79,"Draft") -> 0 | F9: =COUNTIFS($C$20:$C$79,$A9,$N$20:$N$79,"Belum Diperiksa") -> 0 | G9: =COUNTIFS($C$20:$C$79,$A9,$N$20:$N$79,"Perlu Perbaikan") -> 0
A10: ASM | B10: =COUNTIFS($C$20:$C$79,$A10) -> 1 | C10: =COUNTIFS($C$20:$C$79,$A10,$G$20:$G$79,"Dikirim") -> 0 | D10: =COUNTIFS($C$20:$C$79,$A10,$G$20:$G$79,"Belum Lapor") -> 1 | E10: =COUNTIFS($C$20:$C$79,$A10,$G$20:$G$79,"Draft") -> 0 | F10: =COUNTIFS($C$20:$C$79,$A10,$N$20:$N$79,"Belum Diperiksa") -> 0 | G10: =COUNTIFS($C$20:$C$79,$A10,$N$20:$N$79,"Perlu Perbaikan") -> 0
A12: Pemeriksaan | B12: =IF(COUNTA(Master_PIC!$A$8:$A$73)=0,"Isi Master_PIC terlebih dahulu",IF(COUNTIFS($G$20:$G$79,"Data Ganda")>0,"Ada laporan ganda",IF(COUNTIFS($G$20:$G$79,"Belum Lapor")>0,"Ada PIC belum melapor","Lihat detail laporan"))) -> Ada PIC belum melapor
A14: Alur review: Sales oleh SPV, SPV oleh ASM, ASM oleh Manager Sales & Marketing.
A15: Status Selesai berarti seluruh bagian kegiatan yang berlaku telah dikerjakan. Catat outlet/agenda yang terlewat.
A17: Detail per PIC
A19: ID PIC | B19: Nama PIC | C19: Jabatan | D19: Cabang | E19: Area | F19: Baris laporan | G19: Laporan harian | H19: Kegiatan berlaku | I19: Selesai | J19: Proses | K19: Belum | L19: Kosong | M19: % selesai | N19: Hasil review | O19: Perhatian
A20: =IF(AND(Master_PIC!A12<>"",Master_PIC!G12="Aktif",Master_PIC!C12<>"Manager"),Master_PIC!A12,"") -> Sales01 | B20: =IF($A20="","",IF(Master_PIC!B12="","",Master_PIC!B12)) -> Mahfud/Apud SBFI | C20: =IF($A20="","",IF(Master_PIC!C12="","",Master_PIC!C12)) -> Sales | D20: =IF($A20="","",IF(Master_PIC!D12="","",Master_PIC!D12)) -> Cirebon 1 (Lokal) | E20: =IF($A20="","",IF(Master_PIC!E12="","",Master_PIC!E12)) -> Timur | F20: =IF($A20="","",COUNTIFS(Sales_Harian!$A$8:$A$507,$B$4,Sales_Harian!$B$8:$B$507,$A20)+COUNTIFS(SPV_Harian!$A$8:$A$507,$B$4,SPV_Harian!$B$8:$B$507,$A20)+COUNTIFS(ASM_Harian!$A$8:$A$507,$B$4,ASM_Harian!$B$8:$B$507,$A20)) -> 0 | G20: =IF($A20="","",IF(F20=0,"Belum Lapor",IF(F20>1,"Data Ganda",IF(COUNTIFS(Sales_Harian!$A$8:$A$507,$B$4,Sales_Harian!$B$8:$B$507,$A20,Sales_Harian!$Z$8:$Z$507,"Dikirim")+COUNTIFS(SPV_Harian!$A$8:$A$507,$B$4,SPV_Harian!$B$8:$B$507,$A20,SPV_Harian!$Y$8:$Y$507,"Dikirim")+COUNTIFS(ASM_Harian!$A$8:$A$507,$B$4,ASM_Harian!$B$8:$B$507,$A20,ASM_Harian!$Y$8:$Y$507,"Dikirim")=1,"Dikirim","Draft")))) -> Belum Lapor | H20: =IF(OR($A20="",F20=0),"",SUMIFS(Sales_Harian!$AF$8:$AF$507,Sales_Harian!$A$8:$A$507,$B$4,Sales_Harian!$B$8:$B$507,$A20)+SUMIFS(SPV_Harian!$AE$8:$AE$507,SPV_Harian!$A$8:$A$507,$B$4,SPV_Harian!$B$8:$B$507,$A20)+SUMIFS(ASM_Harian!$AE$8:$AE$507,ASM_Harian!$A$8:$A$507,$B$4,ASM_Harian!$B$8:$B$507,$A20)) | I20: =IF(OR($A20="",F20=0),"",SUMIFS(Sales_Harian!$AG$8:$AG$507,Sales_Harian!$A$8:$A$507,$B$4,Sales_Harian!$B$8:$B$507,$A20)+SUMIFS(SPV_Harian!$AF$8:$AF$507,SPV_Harian!$A$8:$A$507,$B$4,SPV_Harian!$B$8:$B$507,$A20)+SUMIFS(ASM_Harian!$AF$8:$AF$507,ASM_Harian!$A$8:$A$507,$B$4,ASM_Harian!$B$8:$B$507,$A20)) | J20: =IF(OR($A20="",F20=0),"",SUMIFS(Sales_Harian!$AH$8:$AH$507,Sales_Harian!$A$8:$A$507,$B$4,Sales_Harian!$B$8:$B$507,$A20)+SUMIFS(SPV_Harian!$AG$8:$AG$507,SPV_Harian!$A$8:$A$507,$B$4,SPV_Harian!$B$8:$B$507,$A20)+SUMIFS(ASM_Harian!$AG$8:$AG$507,ASM_Harian!$A$8:$A$507,$B$4,ASM_Harian!$B$8:$B$507,$A20)) | K20: =IF(OR($A20="",F20=0),"",SUMIFS(Sales_Harian!$AI$8:$AI$507,Sales_Harian!$A$8:$A$507,$B$4,Sales_Harian!$B$8:$B$507,$A20)+SUMIFS(SPV_Harian!$AH$8:$AH$507,SPV_Harian!$A$8:$A$507,$B$4,SPV_Harian!$B$8:$B$507,$A20)+SUMIFS(ASM_Harian!$AH$8:$AH$507,ASM_Harian!$A$8:$A$507,$B$4,ASM_Harian!$B$8:$B$507,$A20)) | L20: =IF(OR($A20="",F20=0),"",SUMIFS(Sales_Harian!$AK$8:$AK$507,Sales_Harian!$A$8:$A$507,$B$4,Sales_Harian!$B$8:$B$507,$A20)+SUMIFS(SPV_Harian!$AJ$8:$AJ$507,SPV_Harian!$A$8:$A$507,$B$4,SPV_Harian!$B$8:$B$507,$A20)+SUMIFS(ASM_Harian!$AJ$8:$AJ$507,ASM_Harian!$A$8:$A$507,$B$4,ASM_Harian!$B$8:$B$507,$A20)) | M20: =IF($A20="","",IF(OR(F20<>1,H20=0),"n.a.",I20/H20)) -> n.a. | N20: =IF($A20="","",IF(G20<>"Dikirim","",IF(COUNTIFS(Sales_Harian!$A$8:$A$507,$B$4,Sales_Harian!$B$8:$B$507,$A20,Sales_Harian!$AB$8:$AB$507,"Disetujui")+COUNTIFS(SPV_Harian!$A$8:$A$507,$B$4,SPV_Harian!$B$8:$B$507,$A20,SPV_Harian!$AA$8:$AA$507,"Disetujui")+COUNTIFS(ASM_Harian!$A$8:$A$507,$B$4,ASM_Harian!$B$8:$B$507,$A20,ASM_Harian!$AA$8:$AA$507,"Disetujui")=1,IF(COUNTIFS(Sales_Harian!$A$8:$A$507,$B$4,Sales_Harian!$B$8:$B$507,$A20,Sales_Harian!$AM$8:$AM$507,"<>OK")+COUNTIFS(SPV_Harian!$A$8:$A$507,$B$4,SPV_Harian!$B$8:$B$507,$A20,SPV_Harian!$AL$8:$AL$507,"<>OK")+COUNTIFS(ASM_Harian!$A$8:$A$507,$B$4,ASM_Harian!$B$8:$B$507,$A20,ASM_Harian!$AL$8:$AL$507,"<>OK")>0,"Review belum valid","Disetujui"),IF(COUNTIFS(Sales_Harian!$A$8:$A$507,$B$4,Sales_Harian!$B$8:$B$507,$A20,Sales_Harian!$AB$8:$AB$507,"Perlu Perbaikan")+COUNTIFS(SPV_Harian!$A$8:$A$507,$B$4,SPV_Harian!$B$8:$B$507,$A20,SPV_Harian!$AA$8:$AA$507,"Perlu Perbaikan")+COUNTIFS(ASM_Harian!$A$8:$A$507,$B$4,ASM_Harian!$B$8:$B$507,$A20,ASM_Harian!$AA$8:$AA$507,"Perlu Perbaikan")=1,"Perlu Perbaikan","Belum Diperiksa")))) | O20: =IF($A20="","",IF(F20=0,"Belum ada laporan",IF(F20>1,"Hapus/benahi laporan ganda",IF(COUNTIFS(Sales_Harian!$A$8:$A$507,$B$4,Sales_Harian!$B$8:$B$507,$A20,Sales_Harian!$AM$8:$AM$507,"<>OK")+COUNTIFS(SPV_Harian!$A$8:$A$507,$B$4,SPV_Harian!$B$8:$B$507,$A20,SPV_Harian!$AL$8:$AL$507,"<>OK")+COUNTIFS(ASM_Harian!$A$8:$A$507,$B$4,ASM_Harian!$B$8:$B$507,$A20,ASM_Harian!$AL$8:$AL$507,"<>OK")>0,"Periksa validasi_data",IF(SUM(J20:K20)>0,"Ada kegiatan terbuka",IF(N20="Perlu Perbaikan","Tindak lanjuti review",IF(G20="Draft","Kirim laporan",IF(N20="Belum Diperiksa","Menunggu pemeriksaan","")))))))) -> Belum ada laporan
A21: =IF(AND(Master_PIC!A10<>"",Master_PIC!G10="Aktif",Master_PIC!C10<>"Manager"),Master_PIC!A10,"") -> SPV01 | B21: =IF($A21="","",IF(Master_PIC!B10="","",Master_PIC!B10)) -> Moch Nurrizki Arief Wihadi | C21: =IF($A21="","",IF(Master_PIC!C10="","",Master_PIC!C10)) -> SPV | D21: =IF($A21="","",IF(Master_PIC!D10="","",Master_PIC!D10)) -> Cirebon 1 (Lokal) | E21: =IF($A21="","",IF(Master_PIC!E10="","",Master_PIC!E10)) -> Timur | F21: =IF($A21="","",COUNTIFS(Sales_Harian!$A$8:$A$507,$B$4,Sales_Harian!$B$8:$B$507,$A21)+COUNTIFS(SPV_Harian!$A$8:$A$507,$B$4,SPV_Harian!$B$8:$B$507,$A21)+COUNTIFS(ASM_Harian!$A$8:$A$507,$B$4,ASM_Harian!$B$8:$B$507,$A21)) -> 0 | G21: =IF($A21="","",IF(F21=0,"Belum Lapor",IF(F21>1,"Data Ganda",IF(COUNTIFS(Sales_Harian!$A$8:$A$507,$B$4,Sales_Harian!$B$8:$B$507,$A21,Sales_Harian!$Z$8:$Z$507,"Dikirim")+COUNTIFS(SPV_Harian!$A$8:$A$507,$B$4,SPV_Harian!$B$8:$B$507,$A21,SPV_Harian!$Y$8:$Y$507,"Dikirim")+COUNTIFS(ASM_Harian!$A$8:$A$507,$B$4,ASM_Harian!$B$8:$B$507,$A21,ASM_Harian!$Y$8:$Y$507,"Dikirim")=1,"Dikirim","Draft")))) -> Belum Lapor | H21: =IF(OR($A21="",F21=0),"",SUMIFS(Sales_Harian!$AF$8:$AF$507,Sales_Harian!$A$8:$A$507,$B$4,Sales_Harian!$B$8:$B$507,$A21)+SUMIFS(SPV_Harian!$AE$8:$AE$507,SPV_Harian!$A$8:$A$507,$B$4,SPV_Harian!$B$8:$B$507,$A21)+SUMIFS(ASM_Harian!$AE$8:$AE$507,ASM_Harian!$A$8:$A$507,$B$4,ASM_Harian!$B$8:$B$507,$A21)) | I21: =IF(OR($A21="",F21=0),"",SUMIFS(Sales_Harian!$AG$8:$AG$507,Sales_Harian!$A$8:$A$507,$B$4,Sales_Harian!$B$8:$B$507,$A21)+SUMIFS(SPV_Harian!$AF$8:$AF$507,SPV_Harian!$A$8:$A$507,$B$4,SPV_Harian!$B$8:$B$507,$A21)+SUMIFS(ASM_Harian!$AF$8:$AF$507,ASM_Harian!$A$8:$A$507,$B$4,ASM_Harian!$B$8:$B$507,$A21)) | J21: =IF(OR($A21="",F21=0),"",SUMIFS(Sales_Harian!$AH$8:$AH$507,Sales_Harian!$A$8:$A$507,$B$4,Sales_Harian!$B$8:$B$507,$A21)+SUMIFS(SPV_Harian!$AG$8:$AG$507,SPV_Harian!$A$8:$A$507,$B$4,SPV_Harian!$B$8:$B$507,$A21)+SUMIFS(ASM_Harian!$AG$8:$AG$507,ASM_Harian!$A$8:$A$507,$B$4,ASM_Harian!$B$8:$B$507,$A21)) | K21: =IF(OR($A21="",F21=0),"",SUMIFS(Sales_Harian!$AI$8:$AI$507,Sales_Harian!$A$8:$A$507,$B$4,Sales_Harian!$B$8:$B$507,$A21)+SUMIFS(SPV_Harian!$AH$8:$AH$507,SPV_Harian!$A$8:$A$507,$B$4,SPV_Harian!$B$8:$B$507,$A21)+SUMIFS(ASM_Harian!$AH$8:$AH$507,ASM_Harian!$A$8:$A$507,$B$4,ASM_Harian!$B$8:$B$507,$A21)) | L21: =IF(OR($A21="",F21=0),"",SUMIFS(Sales_Harian!$AK$8:$AK$507,Sales_Harian!$A$8:$A$507,$B$4,Sales_Harian!$B$8:$B$507,$A21)+SUMIFS(SPV_Harian!$AJ$8:$AJ$507,SPV_Harian!$A$8:$A$507,$B$4,SPV_Harian!$B$8:$B$507,$A21)+SUMIFS(ASM_Harian!$AJ$8:$AJ$507,ASM_Harian!$A$8:$A$507,$B$4,ASM_Harian!$B$8:$B$507,$A21)) | M21: =IF($A21="","",IF(OR(F21<>1,H21=0),"n.a.",I21/H21)) -> n.a. | N21: =IF($A21="","",IF(G21<>"Dikirim","",IF(COUNTIFS(Sales_Harian!$A$8:$A$507,$B$4,Sales_Harian!$B$8:$B$507,$A21,Sales_Harian!$AB$8:$AB$507,"Disetujui")+COUNTIFS(SPV_Harian!$A$8:$A$507,$B$4,SPV_Harian!$B$8:$B$507,$A21,SPV_Harian!$AA$8:$AA$507,"Disetujui")+COUNTIFS(ASM_Harian!$A$8:$A$507,$B$4,ASM_Harian!$B$8:$B$507,$A21,ASM_Harian!$AA$8:$AA$507,"Disetujui")=1,IF(COUNTIFS(Sales_Harian!$A$8:$A$507,$B$4,Sales_Harian!$B$8:$B$507,$A21,Sales_Harian!$AM$8:$AM$507,"<>OK")+COUNTIFS(SPV_Harian!$A$8:$A$507,$B$4,SPV_Harian!$B$8:$B$507,$A21,SPV_Harian!$AL$8:$AL$507,"<>OK")+COUNTIFS(ASM_Harian!$A$8:$A$507,$B$4,ASM_Harian!$B$8:$B$507,$A21,ASM_Harian!$AL$8:$AL$507,"<>OK")>0,"Review belum valid","Disetujui"),IF(COUNTIFS(Sales_Harian!$A$8:$A$507,$B$4,Sales_Harian!$B$8:$B$507,$A21,Sales_Harian!$AB$8:$AB$507,"Perlu Perbaikan")+COUNTIFS(SPV_Harian!$A$8:$A$507,$B$4,SPV_Harian!$B$8:$B$507,$A21,SPV_Harian!$AA$8:$AA$507,"Perlu Perbaikan")+COUNTIFS(ASM_Harian!$A$8:$A$507,$B$4,ASM_Harian!$B$8:$B$507,$A21,ASM_Harian!$AA$8:$AA$507,"Perlu Perbaikan")=1,"Perlu Perbaikan","Belum Diperiksa")))) | O21: =IF($A21="","",IF(F21=0,"Belum ada laporan",IF(F21>1,"Hapus/benahi laporan ganda",IF(COUNTIFS(Sales_Harian!$A$8:$A$507,$B$4,Sales_Harian!$B$8:$B$507,$A21,Sales_Harian!$AM$8:$AM$507,"<>OK")+COUNTIFS(SPV_Harian!$A$8:$A$507,$B$4,SPV_Harian!$B$8:$B$507,$A21,SPV_Harian!$AL$8:$AL$507,"<>OK")+COUNTIFS(ASM_Harian!$A$8:$A$507,$B$4,ASM_Harian!$B$8:$B$507,$A21,ASM_Harian!$AL$8:$AL$507,"<>OK")>0,"Periksa validasi_data",IF(SUM(J21:K21)>0,"Ada kegiatan terbuka",IF(N21="Perlu Perbaikan","Tindak lanjuti review",IF(G21="Draft","Kirim laporan",IF(N21="Belum Diperiksa","Menunggu pemeriksaan","")))))))) -> Belum ada laporan
A22: =IF(AND(Master_PIC!A9<>"",Master_PIC!G9="Aktif",Master_PIC!C9<>"Manager"),Master_PIC!A9,"") -> ASM01 | B22: =IF($A22="","",IF(Master_PIC!B9="","",Master_PIC!B9)) -> Teriyadi | C22: =IF($A22="","",IF(Master_PIC!C9="","",Master_PIC!C9)) -> ASM | D22: =IF($A22="","",IF(Master_PIC!D9="","",Master_PIC!D9)) -> Cirebon 1 (Lokal) | E22: =IF($A22="","",IF(Master_PIC!E9="","",Master_PIC!E9)) -> Timur | F22: =IF($A22="","",COUNTIFS(Sales_Harian!$A$8:$A$507,$B$4,Sales_Harian!$B$8:$B$507,$A22)+COUNTIFS(SPV_Harian!$A$8:$A$507,$B$4,SPV_Harian!$B$8:$B$507,$A22)+COUNTIFS(ASM_Harian!$A$8:$A$507,$B$4,ASM_Harian!$B$8:$B$507,$A22)) -> 0 | G22: =IF($A22="","",IF(F22=0,"Belum Lapor",IF(F22>1,"Data Ganda",IF(COUNTIFS(Sales_Harian!$A$8:$A$507,$B$4,Sales_Harian!$B$8:$B$507,$A22,Sales_Harian!$Z$8:$Z$507,"Dikirim")+COUNTIFS(SPV_Harian!$A$8:$A$507,$B$4,SPV_Harian!$B$8:$B$507,$A22,SPV_Harian!$Y$8:$Y$507,"Dikirim")+COUNTIFS(ASM_Harian!$A$8:$A$507,$B$4,ASM_Harian!$B$8:$B$507,$A22,ASM_Harian!$Y$8:$Y$507,"Dikirim")=1,"Dikirim","Draft")))) -> Belum Lapor | H22: =IF(OR($A22="",F22=0),"",SUMIFS(Sales_Harian!$AF$8:$AF$507,Sales_Harian!$A$8:$A$507,$B$4,Sales_Harian!$B$8:$B$507,$A22)+SUMIFS(SPV_Harian!$AE$8:$AE$507,SPV_Harian!$A$8:$A$507,$B$4,SPV_Harian!$B$8:$B$507,$A22)+SUMIFS(ASM_Harian!$AE$8:$AE$507,ASM_Harian!$A$8:$A$507,$B$4,ASM_Harian!$B$8:$B$507,$A22)) | I22: =IF(OR($A22="",F22=0),"",SUMIFS(Sales_Harian!$AG$8:$AG$507,Sales_Harian!$A$8:$A$507,$B$4,Sales_Harian!$B$8:$B$507,$A22)+SUMIFS(SPV_Harian!$AF$8:$AF$507,SPV_Harian!$A$8:$A$507,$B$4,SPV_Harian!$B$8:$B$507,$A22)+SUMIFS(ASM_Harian!$AF$8:$AF$507,ASM_Harian!$A$8:$A$507,$B$4,ASM_Harian!$B$8:$B$507,$A22)) | J22: =IF(OR($A22="",F22=0),"",SUMIFS(Sales_Harian!$AH$8:$AH$507,Sales_Harian!$A$8:$A$507,$B$4,Sales_Harian!$B$8:$B$507,$A22)+SUMIFS(SPV_Harian!$AG$8:$AG$507,SPV_Harian!$A$8:$A$507,$B$4,SPV_Harian!$B$8:$B$507,$A22)+SUMIFS(ASM_Harian!$AG$8:$AG$507,ASM_Harian!$A$8:$A$507,$B$4,ASM_Harian!$B$8:$B$507,$A22)) | K22: =IF(OR($A22="",F22=0),"",SUMIFS(Sales_Harian!$AI$8:$AI$507,Sales_Harian!$A$8:$A$507,$B$4,Sales_Harian!$B$8:$B$507,$A22)+SUMIFS(SPV_Harian!$AH$8:$AH$507,SPV_Harian!$A$8:$A$507,$B$4,SPV_Harian!$B$8:$B$507,$A22)+SUMIFS(ASM_Harian!$AH$8:$AH$507,ASM_Harian!$A$8:$A$507,$B$4,ASM_Harian!$B$8:$B$507,$A22)) | L22: =IF(OR($A22="",F22=0),"",SUMIFS(Sales_Harian!$AK$8:$AK$507,Sales_Harian!$A$8:$A$507,$B$4,Sales_Harian!$B$8:$B$507,$A22)+SUMIFS(SPV_Harian!$AJ$8:$AJ$507,SPV_Harian!$A$8:$A$507,$B$4,SPV_Harian!$B$8:$B$507,$A22)+SUMIFS(ASM_Harian!$AJ$8:$AJ$507,ASM_Harian!$A$8:$A$507,$B$4,ASM_Harian!$B$8:$B$507,$A22)) | M22: =IF($A22="","",IF(OR(F22<>1,H22=0),"n.a.",I22/H22)) -> n.a. | N22: =IF($A22="","",IF(G22<>"Dikirim","",IF(COUNTIFS(Sales_Harian!$A$8:$A$507,$B$4,Sales_Harian!$B$8:$B$507,$A22,Sales_Harian!$AB$8:$AB$507,"Disetujui")+COUNTIFS(SPV_Harian!$A$8:$A$507,$B$4,SPV_Harian!$B$8:$B$507,$A22,SPV_Harian!$AA$8:$AA$507,"Disetujui")+COUNTIFS(ASM_Harian!$A$8:$A$507,$B$4,ASM_Harian!$B$8:$B$507,$A22,ASM_Harian!$AA$8:$AA$507,"Disetujui")=1,IF(COUNTIFS(Sales_Harian!$A$8:$A$507,$B$4,Sales_Harian!$B$8:$B$507,$A22,Sales_Harian!$AM$8:$AM$507,"<>OK")+COUNTIFS(SPV_Harian!$A$8:$A$507,$B$4,SPV_Harian!$B$8:$B$507,$A22,SPV_Harian!$AL$8:$AL$507,"<>OK")+COUNTIFS(ASM_Harian!$A$8:$A$507,$B$4,ASM_Harian!$B$8:$B$507,$A22,ASM_Harian!$AL$8:$AL$507,"<>OK")>0,"Review belum valid","Disetujui"),IF(COUNTIFS(Sales_Harian!$A$8:$A$507,$B$4,Sales_Harian!$B$8:$B$507,$A22,Sales_Harian!$AB$8:$AB$507,"Perlu Perbaikan")+COUNTIFS(SPV_Harian!$A$8:$A$507,$B$4,SPV_Harian!$B$8:$B$507,$A22,SPV_Harian!$AA$8:$AA$507,"Perlu Perbaikan")+COUNTIFS(ASM_Harian!$A$8:$A$507,$B$4,ASM_Harian!$B$8:$B$507,$A22,ASM_Harian!$AA$8:$AA$507,"Perlu Perbaikan")=1,"Perlu Perbaikan","Belum Diperiksa")))) | O22: =IF($A22="","",IF(F22=0,"Belum ada laporan",IF(F22>1,"Hapus/benahi laporan ganda",IF(COUNTIFS(Sales_Harian!$A$8:$A$507,$B$4,Sales_Harian!$B$8:$B$507,$A22,Sales_Harian!$AM$8:$AM$507,"<>OK")+COUNTIFS(SPV_Harian!$A$8:$A$507,$B$4,SPV_Harian!$B$8:$B$507,$A22,SPV_Harian!$AL$8:$AL$507,"<>OK")+COUNTIFS(ASM_Harian!$A$8:$A$507,$B$4,ASM_Harian!$B$8:$B$507,$A22,ASM_Harian!$AL$8:$AL$507,"<>OK")>0,"Periksa validasi_data",IF(SUM(J22:K22)>0,"Ada kegiatan terbuka",IF(N22="Perlu Perbaikan","Tindak lanjuti review",IF(G22="Draft","Kirim laporan",IF(N22="Belum Diperiksa","Menunggu pemeriksaan","")))))))) -> Belum ada laporan
A23: =IF(AND(Master_PIC!A8<>"",Master_PIC!G8="Aktif",Master_PIC!C8<>"Manager"),Master_PIC!A8,"") | B23: =IF($A23="","",IF(Master_PIC!B8="","",Master_PIC!B8)) | C23: =IF($A23="","",IF(Master_PIC!C8="","",Master_PIC!C8)) | D23: =IF($A23="","",IF(Master_PIC!D8="","",Master_PIC!D8)) | E23: =IF($A23="","",IF(Master_PIC!E8="","",Master_PIC!E8)) | F23: =IF($A23="","",COUNTIFS(Sales_Harian!$A$8:$A$507,$B$4,Sales_Harian!$B$8:$B$507,$A23)+COUNTIFS(SPV_Harian!$A$8:$A$507,$B$4,SPV_Harian!$B$8:$B$507,$A23)+COUNTIFS(ASM_Harian!$A$8:$A$507,$B$4,ASM_Harian!$B$8:$B$507,$A23)) | G23: =IF($A23="","",IF(F23=0,"Belum Lapor",IF(F23>1,"Data Ganda",IF(COUNTIFS(Sales_Harian!$A$8:$A$507,$B$4,Sales_Harian!$B$8:$B$507,$A23,Sales_Harian!$Z$8:$Z$507,"Dikirim")+COUNTIFS(SPV_Harian!$A$8:$A$507,$B$4,SPV_Harian!$B$8:$B$507,$A23,SPV_Harian!$Y$8:$Y$507,"Dikirim")+COUNTIFS(ASM_Harian!$A$8:$A$507,$B$4,ASM_Harian!$B$8:$B$507,$A23,ASM_Harian!$Y$8:$Y$507,"Dikirim")=1,"Dikirim","Draft")))) | H23: =IF(OR($A23="",F23=0),"",SUMIFS(Sales_Harian!$AF$8:$AF$507,Sales_Harian!$A$8:$A$507,$B$4,Sales_Harian!$B$8:$B$507,$A23)+SUMIFS(SPV_Harian!$AE$8:$AE$507,SPV_Harian!$A$8:$A$507,$B$4,SPV_Harian!$B$8:$B$507,$A23)+SUMIFS(ASM_Harian!$AE$8:$AE$507,ASM_Harian!$A$8:$A$507,$B$4,ASM_Harian!$B$8:$B$507,$A23)) | I23: =IF(OR($A23="",F23=0),"",SUMIFS(Sales_Harian!$AG$8:$AG$507,Sales_Harian!$A$8:$A$507,$B$4,Sales_Harian!$B$8:$B$507,$A23)+SUMIFS(SPV_Harian!$AF$8:$AF$507,SPV_Harian!$A$8:$A$507,$B$4,SPV_Harian!$B$8:$B$507,$A23)+SUMIFS(ASM_Harian!$AF$8:$AF$507,ASM_Harian!$A$8:$A$507,$B$4,ASM_Harian!$B$8:$B$507,$A23)) | J23: =IF(OR($A23="",F23=0),"",SUMIFS(Sales_Harian!$AH$8:$AH$507,Sales_Harian!$A$8:$A$507,$B$4,Sales_Harian!$B$8:$B$507,$A23)+SUMIFS(SPV_Harian!$AG$8:$AG$507,SPV_Harian!$A$8:$A$507,$B$4,SPV_Harian!$B$8:$B$507,$A23)+SUMIFS(ASM_Harian!$AG$8:$AG$507,ASM_Harian!$A$8:$A$507,$B$4,ASM_Harian!$B$8:$B$507,$A23)) | K23: =IF(OR($A23="",F23=0),"",SUMIFS(Sales_Harian!$AI$8:$AI$507,Sales_Harian!$A$8:$A$507,$B$4,Sales_Harian!$B$8:$B$507,$A23)+SUMIFS(SPV_Harian!$AH$8:$AH$507,SPV_Harian!$A$8:$A$507,$B$4,SPV_Harian!$B$8:$B$507,$A23)+SUMIFS(ASM_Harian!$AH$8:$AH$507,ASM_Harian!$A$8:$A$507,$B$4,ASM_Harian!$B$8:$B$507,$A23)) | L23: =IF(OR($A23="",F23=0),"",SUMIFS(Sales_Harian!$AK$8:$AK$507,Sales_Harian!$A$8:$A$507,$B$4,Sales_Harian!$B$8:$B$507,$A23)+SUMIFS(SPV_Harian!$AJ$8:$AJ$507,SPV_Harian!$A$8:$A$507,$B$4,SPV_Harian!$B$8:$B$507,$A23)+SUMIFS(ASM_Harian!$AJ$8:$AJ$507,ASM_Harian!$A$8:$A$507,$B$4,ASM_Harian!$B$8:$B$507,$A23)) | M23: =IF($A23="","",IF(OR(F23<>1,H23=0),"n.a.",I23/H23)) | N23: =IF($A23="","",IF(G23<>"Dikirim","",IF(COUNTIFS(Sales_Harian!$A$8:$A$507,$B$4,Sales_Harian!$B$8:$B$507,$A23,Sales_Harian!$AB$8:$AB$507,"Disetujui")+COUNTIFS(SPV_Harian!$A$8:$A$507,$B$4,SPV_Harian!$B$8:$B$507,$A23,SPV_Harian!$AA$8:$AA$507,"Disetujui")+COUNTIFS(ASM_Harian!$A$8:$A$507,$B$4,ASM_Harian!$B$8:$B$507,$A23,ASM_Harian!$AA$8:$AA$507,"Disetujui")=1,IF(COUNTIFS(Sales_Harian!$A$8:$A$507,$B$4,Sales_Harian!$B$8:$B$507,$A23,Sales_Harian!$AM$8:$AM$507,"<>OK")+COUNTIFS(SPV_Harian!$A$8:$A$507,$B$4,SPV_Harian!$B$8:$B$507,$A23,SPV_Harian!$AL$8:$AL$507,"<>OK")+COUNTIFS(ASM_Harian!$A$8:$A$507,$B$4,ASM_Harian!$B$8:$B$507,$A23,ASM_Harian!$AL$8:$AL$507,"<>OK")>0,"Review belum valid","Disetujui"),IF(COUNTIFS(Sales_Harian!$A$8:$A$507,$B$4,Sales_Harian!$B$8:$B$507,$A23,Sales_Harian!$AB$8:$AB$507,"Perlu Perbaikan")+COUNTIFS(SPV_Harian!$A$8:$A$507,$B$4,SPV_Harian!$B$8:$B$507,$A23,SPV_Harian!$AA$8:$AA$507,"Perlu Perbaikan")+COUNTIFS(ASM_Harian!$A$8:$A$507,$B$4,ASM_Harian!$B$8:$B$507,$A23,ASM_Harian!$AA$8:$AA$507,"Perlu Perbaikan")=1,"Perlu Perbaikan","Belum Diperiksa")))) | O23: =IF($A23="","",IF(F23=0,"Belum ada laporan",IF(F23>1,"Hapus/benahi laporan ganda",IF(COUNTIFS(Sales_Harian!$A$8:$A$507,$B$4,Sales_Harian!$B$8:$B$507,$A23,Sales_Harian!$AM$8:$AM$507,"<>OK")+COUNTIFS(SPV_Harian!$A$8:$A$507,$B$4,SPV_Harian!$B$8:$B$507,$A23,SPV_Harian!$AL$8:$AL$507,"<>OK")+COUNTIFS(ASM_Harian!$A$8:$A$507,$B$4,ASM_Harian!$B$8:$B$507,$A23,ASM_Harian!$AL$8:$AL$507,"<>OK")>0,"Periksa validasi_data",IF(SUM(J23:K23)>0,"Ada kegiatan terbuka",IF(N23="Perlu Perbaikan","Tindak lanjuti review",IF(G23="Draft","Kirim laporan",IF(N23="Belum Diperiksa","Menunggu pemeriksaan",""))))))))
A24: =IF(AND(Master_PIC!A13<>"",Master_PIC!G13="Aktif",Master_PIC!C13<>"Manager"),Master_PIC!A13,"") -> Sales02 | B24: =IF($A24="","",IF(Master_PIC!B13="","",Master_PIC!B13)) -> Syarfi Hermana | C24: =IF($A24="","",IF(Master_PIC!C13="","",Master_PIC!C13)) -> Sales | D24: =IF($A24="","",IF(Master_PIC!D13="","",Master_PIC!D13)) -> Cirebon 1 (Lokal) | E24: =IF($A24="","",IF(Master_PIC!E13="","",Master_PIC!E13)) -> Timur | F24: =IF($A24="","",COUNTIFS(Sales_Harian!$A$8:$A$507,$B$4,Sales_Harian!$B$8:$B$507,$A24)+COUNTIFS(SPV_Harian!$A$8:$A$507,$B$4,SPV_Harian!$B$8:$B$507,$A24)+COUNTIFS(ASM_Harian!$A$8:$A$507,$B$4,ASM_Harian!$B$8:$B$507,$A24)) -> 0 | G24: =IF($A24="","",IF(F24=0,"Belum Lapor",IF(F24>1,"Data Ganda",IF(COUNTIFS(Sales_Harian!$A$8:$A$507,$B$4,Sales_Harian!$B$8:$B$507,$A24,Sales_Harian!$Z$8:$Z$507,"Dikirim")+COUNTIFS(SPV_Harian!$A$8:$A$507,$B$4,SPV_Harian!$B$8:$B$507,$A24,SPV_Harian!$Y$8:$Y$507,"Dikirim")+COUNTIFS(ASM_Harian!$A$8:$A$507,$B$4,ASM_Harian!$B$8:$B$507,$A24,ASM_Harian!$Y$8:$Y$507,"Dikirim")=1,"Dikirim","Draft")))) -> Belum Lapor | H24: =IF(OR($A24="",F24=0),"",SUMIFS(Sales_Harian!$AF$8:$AF$507,Sales_Harian!$A$8:$A$507,$B$4,Sales_Harian!$B$8:$B$507,$A24)+SUMIFS(SPV_Harian!$AE$8:$AE$507,SPV_Harian!$A$8:$A$507,$B$4,SPV_Harian!$B$8:$B$507,$A24)+SUMIFS(ASM_Harian!$AE$8:$AE$507,ASM_Harian!$A$8:$A$507,$B$4,ASM_Harian!$B$8:$B$507,$A24)) | I24: =IF(OR($A24="",F24=0),"",SUMIFS(Sales_Harian!$AG$8:$AG$507,Sales_Harian!$A$8:$A$507,$B$4,Sales_Harian!$B$8:$B$507,$A24)+SUMIFS(SPV_Harian!$AF$8:$AF$507,SPV_Harian!$A$8:$A$507,$B$4,SPV_Harian!$B$8:$B$507,$A24)+SUMIFS(ASM_Harian!$AF$8:$AF$507,ASM_Harian!$A$8:$A$507,$B$4,ASM_Harian!$B$8:$B$507,$A24)) | J24: =IF(OR($A24="",F24=0),"",SUMIFS(Sales_Harian!$AH$8:$AH$507,Sales_Harian!$A$8:$A$507,$B$4,Sales_Harian!$B$8:$B$507,$A24)+SUMIFS(SPV_Harian!$AG$8:$AG$507,SPV_Harian!$A$8:$A$507,$B$4,SPV_Harian!$B$8:$B$507,$A24)+SUMIFS(ASM_Harian!$AG$8:$AG$507,ASM_Harian!$A$8:$A$507,$B$4,ASM_Harian!$B$8:$B$507,$A24)) | K24: =IF(OR($A24="",F24=0),"",SUMIFS(Sales_Harian!$AI$8:$AI$507,Sales_Harian!$A$8:$A$507,$B$4,Sales_Harian!$B$8:$B$507,$A24)+SUMIFS(SPV_Harian!$AH$8:$AH$507,SPV_Harian!$A$8:$A$507,$B$4,SPV_Harian!$B$8:$B$507,$A24)+SUMIFS(ASM_Harian!$AH$8:$AH$507,ASM_Harian!$A$8:$A$507,$B$4,ASM_Harian!$B$8:$B$507,$A24)) | L24: =IF(OR($A24="",F24=0),"",SUMIFS(Sales_Harian!$AK$8:$AK$507,Sales_Harian!$A$8:$A$507,$B$4,Sales_Harian!$B$8:$B$507,$A24)+SUMIFS(SPV_Harian!$AJ$8:$AJ$507,SPV_Harian!$A$8:$A$507,$B$4,SPV_Harian!$B$8:$B$507,$A24)+SUMIFS(ASM_Harian!$AJ$8:$AJ$507,ASM_Harian!$A$8:$A$507,$B$4,ASM_Harian!$B$8:$B$507,$A24)) | M24: =IF($A24="","",IF(OR(F24<>1,H24=0),"n.a.",I24/H24)) -> n.a. | N24: =IF($A24="","",IF(G24<>"Dikirim","",IF(COUNTIFS(Sales_Harian!$A$8:$A$507,$B$4,Sales_Harian!$B$8:$B$507,$A24,Sales_Harian!$AB$8:$AB$507,"Disetujui")+COUNTIFS(SPV_Harian!$A$8:$A$507,$B$4,SPV_Harian!$B$8:$B$507,$A24,SPV_Harian!$AA$8:$AA$507,"Disetujui")+COUNTIFS(ASM_Harian!$A$8:$A$507,$B$4,ASM_Harian!$B$8:$B$507,$A24,ASM_Harian!$AA$8:$AA$507,"Disetujui")=1,IF(COUNTIFS(Sales_Harian!$A$8:$A$507,$B$4,Sales_Harian!$B$8:$B$507,$A24,Sales_Harian!$AM$8:$AM$507,"<>OK")+COUNTIFS(SPV_Harian!$A$8:$A$507,$B$4,SPV_Harian!$B$8:$B$507,$A24,SPV_Harian!$AL$8:$AL$507,"<>OK")+COUNTIFS(ASM_Harian!$A$8:$A$507,$B$4,ASM_Harian!$B$8:$B$507,$A24,ASM_Harian!$AL$8:$AL$507,"<>OK")>0,"Review belum valid","Disetujui"),IF(COUNTIFS(Sales_Harian!$A$8:$A$507,$B$4,Sales_Harian!$B$8:$B$507,$A24,Sales_Harian!$AB$8:$AB$507,"Perlu Perbaikan")+COUNTIFS(SPV_Harian!$A$8:$A$507,$B$4,SPV_Harian!$B$8:$B$507,$A24,SPV_Harian!$AA$8:$AA$507,"Perlu Perbaikan")+COUNTIFS(ASM_Harian!$A$8:$A$507,$B$4,ASM_Harian!$B$8:$B$507,$A24,ASM_Harian!$AA$8:$AA$507,"Perlu Perbaikan")=1,"Perlu Perbaikan","Belum Diperiksa")))) | O24: =IF($A24="","",IF(F24=0,"Belum ada laporan",IF(F24>1,"Hapus/benahi laporan ganda",IF(COUNTIFS(Sales_Harian!$A$8:$A$507,$B$4,Sales_Harian!$B$8:$B$507,$A24,Sales_Harian!$AM$8:$AM$507,"<>OK")+COUNTIFS(SPV_Harian!$A$8:$A$507,$B$4,SPV_Harian!$B$8:$B$507,$A24,SPV_Harian!$AL$8:$AL$507,"<>OK")+COUNTIFS(ASM_Harian!$A$8:$A$507,$B$4,ASM_Harian!$B$8:$B$507,$A24,ASM_Harian!$AL$8:$AL$507,"<>OK")>0,"Periksa validasi_data",IF(SUM(J24:K24)>0,"Ada kegiatan terbuka",IF(N24="Perlu Perbaikan","Tindak lanjuti review",IF(G24="Draft","Kirim laporan",IF(N24="Belum Diperiksa","Menunggu pemeriksaan","")))))))) -> Belum ada laporan
A25: =IF(AND(Master_PIC!A14<>"",Master_PIC!G14="Aktif",Master_PIC!C14<>"Manager"),Master_PIC!A14,"") -> Sales03 | B25: =IF($A25="","",IF(Master_PIC!B14="","",Master_PIC!B14)) -> Toto Toharudin | C25: =IF($A25="","",IF(Master_PIC!C14="","",Master_PIC!C14)) -> Sales | D25: =IF($A25="","",IF(Master_PIC!D14="","",Master_PIC!D14)) -> Cirebon 1 (Lokal) | E25: =IF($A25="","",IF(Master_PIC!E14="","",Master_PIC!E14)) -> Timur | F25: =IF($A25="","",COUNTIFS(Sales_Harian!$A$8:$A$507,$B$4,Sales_Harian!$B$8:$B$507,$A25)+COUNTIFS(SPV_Harian!$A$8:$A$507,$B$4,SPV_Harian!$B$8:$B$507,$A25)+COUNTIFS(ASM_Harian!$A$8:$A$507,$B$4,ASM_Harian!$B$8:$B$507,$A25)) -> 0 | G25: =IF($A25="","",IF(F25=0,"Belum Lapor",IF(F25>1,"Data Ganda",IF(COUNTIFS(Sales_Harian!$A$8:$A$507,$B$4,Sales_Harian!$B$8:$B$507,$A25,Sales_Harian!$Z$8:$Z$507,"Dikirim")+COUNTIFS(SPV_Harian!$A$8:$A$507,$B$4,SPV_Harian!$B$8:$B$507,$A25,SPV_Harian!$Y$8:$Y$507,"Dikirim")+COUNTIFS(ASM_Harian!$A$8:$A$507,$B$4,ASM_Harian!$B$8:$B$507,$A25,ASM_Harian!$Y$8:$Y$507,"Dikirim")=1,"Dikirim","Draft")))) -> Belum Lapor | H25: =IF(OR($A25="",F25=0),"",SUMIFS(Sales_Harian!$AF$8:$AF$507,Sales_Harian!$A$8:$A$507,$B$4,Sales_Harian!$B$8:$B$507,$A25)+SUMIFS(SPV_Harian!$AE$8:$AE$507,SPV_Harian!$A$8:$A$507,$B$4,SPV_Harian!$B$8:$B$507,$A25)+SUMIFS(ASM_Harian!$AE$8:$AE$507,ASM_Harian!$A$8:$A$507,$B$4,ASM_Harian!$B$8:$B$507,$A25)) | I25: =IF(OR($A25="",F25=0),"",SUMIFS(Sales_Harian!$AG$8:$AG$507,Sales_Harian!$A$8:$A$507,$B$4,Sales_Harian!$B$8:$B$507,$A25)+SUMIFS(SPV_Harian!$AF$8:$AF$507,SPV_Harian!$A$8:$A$507,$B$4,SPV_Harian!$B$8:$B$507,$A25)+SUMIFS(ASM_Harian!$AF$8:$AF$507,ASM_Harian!$A$8:$A$507,$B$4,ASM_Harian!$B$8:$B$507,$A25)) | J25: =IF(OR($A25="",F25=0),"",SUMIFS(Sales_Harian!$AH$8:$AH$507,Sales_Harian!$A$8:$A$507,$B$4,Sales_Harian!$B$8:$B$507,$A25)+SUMIFS(SPV_Harian!$AG$8:$AG$507,SPV_Harian!$A$8:$A$507,$B$4,SPV_Harian!$B$8:$B$507,$A25)+SUMIFS(ASM_Harian!$AG$8:$AG$507,ASM_Harian!$A$8:$A$507,$B$4,ASM_Harian!$B$8:$B$507,$A25)) | K25: =IF(OR($A25="",F25=0),"",SUMIFS(Sales_Harian!$AI$8:$AI$507,Sales_Harian!$A$8:$A$507,$B$4,Sales_Harian!$B$8:$B$507,$A25)+SUMIFS(SPV_Harian!$AH$8:$AH$507,SPV_Harian!$A$8:$A$507,$B$4,SPV_Harian!$B$8:$B$507,$A25)+SUMIFS(ASM_Harian!$AH$8:$AH$507,ASM_Harian!$A$8:$A$507,$B$4,ASM_Harian!$B$8:$B$507,$A25)) | L25: =IF(OR($A25="",F25=0),"",SUMIFS(Sales_Harian!$AK$8:$AK$507,Sales_Harian!$A$8:$A$507,$B$4,Sales_Harian!$B$8:$B$507,$A25)+SUMIFS(SPV_Harian!$AJ$8:$AJ$507,SPV_Harian!$A$8:$A$507,$B$4,SPV_Harian!$B$8:$B$507,$A25)+SUMIFS(ASM_Harian!$AJ$8:$AJ$507,ASM_Harian!$A$8:$A$507,$B$4,ASM_Harian!$B$8:$B$507,$A25)) | M25: =IF($A25="","",IF(OR(F25<>1,H25=0),"n.a.",I25/H25)) -> n.a. | N25: =IF($A25="","",IF(G25<>"Dikirim","",IF(COUNTIFS(Sales_Harian!$A$8:$A$507,$B$4,Sales_Harian!$B$8:$B$507,$A25,Sales_Harian!$AB$8:$AB$507,"Disetujui")+COUNTIFS(SPV_Harian!$A$8:$A$507,$B$4,SPV_Harian!$B$8:$B$507,$A25,SPV_Harian!$AA$8:$AA$507,"Disetujui")+COUNTIFS(ASM_Harian!$A$8:$A$507,$B$4,ASM_Harian!$B$8:$B$507,$A25,ASM_Harian!$AA$8:$AA$507,"Disetujui")=1,IF(COUNTIFS(Sales_Harian!$A$8:$A$507,$B$4,Sales_Harian!$B$8:$B$507,$A25,Sales_Harian!$AM$8:$AM$507,"<>OK")+COUNTIFS(SPV_Harian!$A$8:$A$507,$B$4,SPV_Harian!$B$8:$B$507,$A25,SPV_Harian!$AL$8:$AL$507,"<>OK")+COUNTIFS(ASM_Harian!$A$8:$A$507,$B$4,ASM_Harian!$B$8:$B$507,$A25,ASM_Harian!$AL$8:$AL$507,"<>OK")>0,"Review belum valid","Disetujui"),IF(COUNTIFS(Sales_Harian!$A$8:$A$507,$B$4,Sales_Harian!$B$8:$B$507,$A25,Sales_Harian!$AB$8:$AB$507,"Perlu Perbaikan")+COUNTIFS(SPV_Harian!$A$8:$A$507,$B$4,SPV_Harian!$B$8:$B$507,$A25,SPV_Harian!$AA$8:$AA$507,"Perlu Perbaikan")+COUNTIFS(ASM_Harian!$A$8:$A$507,$B$4,ASM_Harian!$B$8:$B$507,$A25,ASM_Harian!$AA$8:$AA$507,"Perlu Perbaikan")=1,"Perlu Perbaikan","Belum Diperiksa")))) | O25: =IF($A25="","",IF(F25=0,"Belum ada laporan",IF(F25>1,"Hapus/benahi laporan ganda",IF(COUNTIFS(Sales_Harian!$A$8:$A$507,$B$4,Sales_Harian!$B$8:$B$507,$A25,Sales_Harian!$AM$8:$AM$507,"<>OK")+COUNTIFS(SPV_Harian!$A$8:$A$507,$B$4,SPV_Harian!$B$8:$B$507,$A25,SPV_Harian!$AL$8:$AL$507,"<>OK")+COUNTIFS(ASM_Harian!$A$8:$A$507,$B$4,ASM_Harian!$B$8:$B$507,$A25,ASM_Harian!$AL$8:$AL$507,"<>OK")>0,"Periksa validasi_data",IF(SUM(J25:K25)>0,"Ada kegiatan terbuka",IF(N25="Perlu Perbaikan","Tindak lanjuti review",IF(G25="Draft","Kirim laporan",IF(N25="Belum Diperiksa","Menunggu pemeriksaan","")))))))) -> Belum ada laporan
A26: =IF(AND(Master_PIC!A15<>"",Master_PIC!G15="Aktif",Master_PIC!C15<>"Manager"),Master_PIC!A15,"") -> Sales04 | B26: =IF($A26="","",IF(Master_PIC!B15="","",Master_PIC!B15)) -> Moh. Rahmadi Dwi Putra | C26: =IF($A26="","",IF(Master_PIC!C15="","",Master_PIC!C15)) -> Sales | D26: =IF($A26="","",IF(Master_PIC!D15="","",Master_PIC!D15)) -> Cirebon 1 (Lokal) | E26: =IF($A26="","",IF(Master_PIC!E15="","",Master_PIC!E15)) -> Timur | F26: =IF($A26="","",COUNTIFS(Sales_Harian!$A$8:$A$507,$B$4,Sales_Harian!$B$8:$B$507,$A26)+COUNTIFS(SPV_Harian!$A$8:$A$507,$B$4,SPV_Harian!$B$8:$B$507,$A26)+COUNTIFS(ASM_Harian!$A$8:$A$507,$B$4,ASM_Harian!$B$8:$B$507,$A26)) -> 0 | G26: =IF($A26="","",IF(F26=0,"Belum Lapor",IF(F26>1,"Data Ganda",IF(COUNTIFS(Sales_Harian!$A$8:$A$507,$B$4,Sales_Harian!$B$8:$B$507,$A26,Sales_Harian!$Z$8:$Z$507,"Dikirim")+COUNTIFS(SPV_Harian!$A$8:$A$507,$B$4,SPV_Harian!$B$8:$B$507,$A26,SPV_Harian!$Y$8:$Y$507,"Dikirim")+COUNTIFS(ASM_Harian!$A$8:$A$507,$B$4,ASM_Harian!$B$8:$B$507,$A26,ASM_Harian!$Y$8:$Y$507,"Dikirim")=1,"Dikirim","Draft")))) -> Belum Lapor | H26: =IF(OR($A26="",F26=0),"",SUMIFS(Sales_Harian!$AF$8:$AF$507,Sales_Harian!$A$8:$A$507,$B$4,Sales_Harian!$B$8:$B$507,$A26)+SUMIFS(SPV_Harian!$AE$8:$AE$507,SPV_Harian!$A$8:$A$507,$B$4,SPV_Harian!$B$8:$B$507,$A26)+SUMIFS(ASM_Harian!$AE$8:$AE$507,ASM_Harian!$A$8:$A$507,$B$4,ASM_Harian!$B$8:$B$507,$A26)) | I26: =IF(OR($A26="",F26=0),"",SUMIFS(Sales_Harian!$AG$8:$AG$507,Sales_Harian!$A$8:$A$507,$B$4,Sales_Harian!$B$8:$B$507,$A26)+SUMIFS(SPV_Harian!$AF$8:$AF$507,SPV_Harian!$A$8:$A$507,$B$4,SPV_Harian!$B$8:$B$507,$A26)+SUMIFS(ASM_Harian!$AF$8:$AF$507,ASM_Harian!$A$8:$A$507,$B$4,ASM_Harian!$B$8:$B$507,$A26)) | J26: =IF(OR($A26="",F26=0),"",SUMIFS(Sales_Harian!$AH$8:$AH$507,Sales_Harian!$A$8:$A$507,$B$4,Sales_Harian!$B$8:$B$507,$A26)+SUMIFS(SPV_Harian!$AG$8:$AG$507,SPV_Harian!$A$8:$A$507,$B$4,SPV_Harian!$B$8:$B$507,$A26)+SUMIFS(ASM_Harian!$AG$8:$AG$507,ASM_Harian!$A$8:$A$507,$B$4,ASM_Harian!$B$8:$B$507,$A26)) | K26: =IF(OR($A26="",F26=0),"",SUMIFS(Sales_Harian!$AI$8:$AI$507,Sales_Harian!$A$8:$A$507,$B$4,Sales_Harian!$B$8:$B$507,$A26)+SUMIFS(SPV_Harian!$AH$8:$AH$507,SPV_Harian!$A$8:$A$507,$B$4,SPV_Harian!$B$8:$B$507,$A26)+SUMIFS(ASM_Harian!$AH$8:$AH$507,ASM_Harian!$A$8:$A$507,$B$4,ASM_Harian!$B$8:$B$507,$A26)) | L26: =IF(OR($A26="",F26=0),"",SUMIFS(Sales_Harian!$AK$8:$AK$507,Sales_Harian!$A$8:$A$507,$B$4,Sales_Harian!$B$8:$B$507,$A26)+SUMIFS(SPV_Harian!$AJ$8:$AJ$507,SPV_Harian!$A$8:$A$507,$B$4,SPV_Harian!$B$8:$B$507,$A26)+SUMIFS(ASM_Harian!$AJ$8:$AJ$507,ASM_Harian!$A$8:$A$507,$B$4,ASM_Harian!$B$8:$B$507,$A26)) | M26: =IF($A26="","",IF(OR(F26<>1,H26=0),"n.a.",I26/H26)) -> n.a. | N26: =IF($A26="","",IF(G26<>"Dikirim","",IF(COUNTIFS(Sales_Harian!$A$8:$A$507,$B$4,Sales_Harian!$B$8:$B$507,$A26,Sales_Harian!$AB$8:$AB$507,"Disetujui")+COUNTIFS(SPV_Harian!$A$8:$A$507,$B$4,SPV_Harian!$B$8:$B$507,$A26,SPV_Harian!$AA$8:$AA$507,"Disetujui")+COUNTIFS(ASM_Harian!$A$8:$A$507,$B$4,ASM_Harian!$B$8:$B$507,$A26,ASM_Harian!$AA$8:$AA$507,"Disetujui")=1,IF(COUNTIFS(Sales_Harian!$A$8:$A$507,$B$4,Sales_Harian!$B$8:$B$507,$A26,Sales_Harian!$AM$8:$AM$507,"<>OK")+COUNTIFS(SPV_Harian!$A$8:$A$507,$B$4,SPV_Harian!$B$8:$B$507,$A26,SPV_Harian!$AL$8:$AL$507,"<>OK")+COUNTIFS(ASM_Harian!$A$8:$A$507,$B$4,ASM_Harian!$B$8:$B$507,$A26,ASM_Harian!$AL$8:$AL$507,"<>OK")>0,"Review belum valid","Disetujui"),IF(COUNTIFS(Sales_Harian!$A$8:$A$507,$B$4,Sales_Harian!$B$8:$B$507,$A26,Sales_Harian!$AB$8:$AB$507,"Perlu Perbaikan")+COUNTIFS(SPV_Harian!$A$8:$A$507,$B$4,SPV_Harian!$B$8:$B$507,$A26,SPV_Harian!$AA$8:$AA$507,"Perlu Perbaikan")+COUNTIFS(ASM_Harian!$A$8:$A$507,$B$4,ASM_Harian!$B$8:$B$507,$A26,ASM_Harian!$AA$8:$AA$507,"Perlu Perbaikan")=1,"Perlu Perbaikan","Belum Diperiksa")))) | O26: =IF($A26="","",IF(F26=0,"Belum ada laporan",IF(F26>1,"Hapus/benahi laporan ganda",IF(COUNTIFS(Sales_Harian!$A$8:$A$507,$B$4,Sales_Harian!$B$8:$B$507,$A26,Sales_Harian!$AM$8:$AM$507,"<>OK")+COUNTIFS(SPV_Harian!$A$8:$A$507,$B$4,SPV_Harian!$B$8:$B$507,$A26,SPV_Harian!$AL$8:$AL$507,"<>OK")+COUNTIFS(ASM_Harian!$A$8:$A$507,$B$4,ASM_Harian!$B$8:$B$507,$A26,ASM_Harian!$AL$8:$AL$507,"<>OK")>0,"Periksa validasi_data",IF(SUM(J26:K26)>0,"Ada kegiatan terbuka",IF(N26="Perlu Perbaikan","Tindak lanjuti review",IF(G26="Draft","Kirim laporan",IF(N26="Belum Diperiksa","Menunggu pemeriksaan","")))))))) -> Belum ada laporan
A27: =IF(AND(Master_PIC!A16<>"",Master_PIC!G16="Aktif",Master_PIC!C16<>"Manager"),Master_PIC!A16,"") -> Sales05 | B27: =IF($A27="","",IF(Master_PIC!B16="","",Master_PIC!B16)) -> Suherman SBFI | C27: =IF($A27="","",IF(Master_PIC!C16="","",Master_PIC!C16)) -> Sales | D27: =IF($A27="","",IF(Master_PIC!D16="","",Master_PIC!D16)) -> Cirebon 1 (Lokal) | E27: =IF($A27="","",IF(Master_PIC!E16="","",Master_PIC!E16)) -> Timur | F27: =IF($A27="","",COUNTIFS(Sales_Harian!$A$8:$A$507,$B$4,Sales_Harian!$B$8:$B$507,$A27)+COUNTIFS(SPV_Harian!$A$8:$A$507,$B$4,SPV_Harian!$B$8:$B$507,$A27)+COUNTIFS(ASM_Harian!$A$8:$A$507,$B$4,ASM_Harian!$B$8:$B$507,$A27)) -> 0 | G27: =IF($A27="","",IF(F27=0,"Belum Lapor",IF(F27>1,"Data Ganda",IF(COUNTIFS(Sales_Harian!$A$8:$A$507,$B$4,Sales_Harian!$B$8:$B$507,$A27,Sales_Harian!$Z$8:$Z$507,"Dikirim")+COUNTIFS(SPV_Harian!$A$8:$A$507,$B$4,SPV_Harian!$B$8:$B$507,$A27,SPV_Harian!$Y$8:$Y$507,"Dikirim")+COUNTIFS(ASM_Harian!$A$8:$A$507,$B$4,ASM_Harian!$B$8:$B$507,$A27,ASM_Harian!$Y$8:$Y$507,"Dikirim")=1,"Dikirim","Draft")))) -> Belum Lapor | H27: =IF(OR($A27="",F27=0),"",SUMIFS(Sales_Harian!$AF$8:$AF$507,Sales_Harian!$A$8:$A$507,$B$4,Sales_Harian!$B$8:$B$507,$A27)+SUMIFS(SPV_Harian!$AE$8:$AE$507,SPV_Harian!$A$8:$A$507,$B$4,SPV_Harian!$B$8:$B$507,$A27)+SUMIFS(ASM_Harian!$AE$8:$AE$507,ASM_Harian!$A$8:$A$507,$B$4,ASM_Harian!$B$8:$B$507,$A27)) | I27: =IF(OR($A27="",F27=0),"",SUMIFS(Sales_Harian!$AG$8:$AG$507,Sales_Harian!$A$8:$A$507,$B$4,Sales_Harian!$B$8:$B$507,$A27)+SUMIFS(SPV_Harian!$AF$8:$AF$507,SPV_Harian!$A$8:$A$507,$B$4,SPV_Harian!$B$8:$B$507,$A27)+SUMIFS(ASM_Harian!$AF$8:$AF$507,ASM_Harian!$A$8:$A$507,$B$4,ASM_Harian!$B$8:$B$507,$A27)) | J27: =IF(OR($A27="",F27=0),"",SUMIFS(Sales_Harian!$AH$8:$AH$507,Sales_Harian!$A$8:$A$507,$B$4,Sales_Harian!$B$8:$B$507,$A27)+SUMIFS(SPV_Harian!$AG$8:$AG$507,SPV_Harian!$A$8:$A$507,$B$4,SPV_Harian!$B$8:$B$507,$A27)+SUMIFS(ASM_Harian!$AG$8:$AG$507,ASM_Harian!$A$8:$A$507,$B$4,ASM_Harian!$B$8:$B$507,$A27)) | K27: =IF(OR($A27="",F27=0),"",SUMIFS(Sales_Harian!$AI$8:$AI$507,Sales_Harian!$A$8:$A$507,$B$4,Sales_Harian!$B$8:$B$507,$A27)+SUMIFS(SPV_Harian!$AH$8:$AH$507,SPV_Harian!$A$8:$A$507,$B$4,SPV_Harian!$B$8:$B$507,$A27)+SUMIFS(ASM_Harian!$AH$8:$AH$507,ASM_Harian!$A$8:$A$507,$B$4,ASM_Harian!$B$8:$B$507,$A27)) | L27: =IF(OR($A27="",F27=0),"",SUMIFS(Sales_Harian!$AK$8:$AK$507,Sales_Harian!$A$8:$A$507,$B$4,Sales_Harian!$B$8:$B$507,$A27)+SUMIFS(SPV_Harian!$AJ$8:$AJ$507,SPV_Harian!$A$8:$A$507,$B$4,SPV_Harian!$B$8:$B$507,$A27)+SUMIFS(ASM_Harian!$AJ$8:$AJ$507,ASM_Harian!$A$8:$A$507,$B$4,ASM_Harian!$B$8:$B$507,$A27)) | M27: =IF($A27="","",IF(OR(F27<>1,H27=0),"n.a.",I27/H27)) -> n.a. | N27: =IF($A27="","",IF(G27<>"Dikirim","",IF(COUNTIFS(Sales_Harian!$A$8:$A$507,$B$4,Sales_Harian!$B$8:$B$507,$A27,Sales_Harian!$AB$8:$AB$507,"Disetujui")+COUNTIFS(SPV_Harian!$A$8:$A$507,$B$4,SPV_Harian!$B$8:$B$507,$A27,SPV_Harian!$AA$8:$AA$507,"Disetujui")+COUNTIFS(ASM_Harian!$A$8:$A$507,$B$4,ASM_Harian!$B$8:$B$507,$A27,ASM_Harian!$AA$8:$AA$507,"Disetujui")=1,IF(COUNTIFS(Sales_Harian!$A$8:$A$507,$B$4,Sales_Harian!$B$8:$B$507,$A27,Sales_Harian!$AM$8:$AM$507,"<>OK")+COUNTIFS(SPV_Harian!$A$8:$A$507,$B$4,SPV_Harian!$B$8:$B$507,$A27,SPV_Harian!$AL$8:$AL$507,"<>OK")+COUNTIFS(ASM_Harian!$A$8:$A$507,$B$4,ASM_Harian!$B$8:$B$507,$A27,ASM_Harian!$AL$8:$AL$507,"<>OK")>0,"Review belum valid","Disetujui"),IF(COUNTIFS(Sales_Harian!$A$8:$A$507,$B$4,Sales_Harian!$B$8:$B$507,$A27,Sales_Harian!$AB$8:$AB$507,"Perlu Perbaikan")+COUNTIFS(SPV_Harian!$A$8:$A$507,$B$4,SPV_Harian!$B$8:$B$507,$A27,SPV_Harian!$AA$8:$AA$507,"Perlu Perbaikan")+COUNTIFS(ASM_Harian!$A$8:$A$507,$B$4,ASM_Harian!$B$8:$B$507,$A27,ASM_Harian!$AA$8:$AA$507,"Perlu Perbaikan")=1,"Perlu Perbaikan","Belum Diperiksa")))) | O27: =IF($A27="","",IF(F27=0,"Belum ada laporan",IF(F27>1,"Hapus/benahi laporan ganda",IF(COUNTIFS(Sales_Harian!$A$8:$A$507,$B$4,Sales_Harian!$B$8:$B$507,$A27,Sales_Harian!$AM$8:$AM$507,"<>OK")+COUNTIFS(SPV_Harian!$A$8:$A$507,$B$4,SPV_Harian!$B$8:$B$507,$A27,SPV_Harian!$AL$8:$AL$507,"<>OK")+COUNTIFS(ASM_Harian!$A$8:$A$507,$B$4,ASM_Harian!$B$8:$B$507,$A27,ASM_Harian!$AL$8:$AL$507,"<>OK")>0,"Periksa validasi_data",IF(SUM(J27:K27)>0,"Ada kegiatan terbuka",IF(N27="Perlu Perbaikan","Tindak lanjuti review",IF(G27="Draft","Kirim laporan",IF(N27="Belum Diperiksa","Menunggu pemeriksaan","")))))))) -> Belum ada laporan
A28: =IF(AND(Master_PIC!A17<>"",Master_PIC!G17="Aktif",Master_PIC!C17<>"Manager"),Master_PIC!A17,"") -> Sales06 | B28: =IF($A28="","",IF(Master_PIC!B17="","",Master_PIC!B17)) -> Sambudi SBFI | C28: =IF($A28="","",IF(Master_PIC!C17="","",Master_PIC!C17)) -> Sales | D28: =IF($A28="","",IF(Master_PIC!D17="","",Master_PIC!D17)) -> Cirebon 1 (Lokal) | E28: =IF($A28="","",IF(Master_PIC!E17="","",Master_PIC!E17)) -> Timur | F28: =IF($A28="","",COUNTIFS(Sales_Harian!$A$8:$A$507,$B$4,Sales_Harian!$B$8:$B$507,$A28)+COUNTIFS(SPV_Harian!$A$8:$A$507,$B$4,SPV_Harian!$B$8:$B$507,$A28)+COUNTIFS(ASM_Harian!$A$8:$A$507,$B$4,ASM_Harian!$B$8:$B$507,$A28)) -> 0 | G28: =IF($A28="","",IF(F28=0,"Belum Lapor",IF(F28>1,"Data Ganda",IF(COUNTIFS(Sales_Harian!$A$8:$A$507,$B$4,Sales_Harian!$B$8:$B$507,$A28,Sales_Harian!$Z$8:$Z$507,"Dikirim")+COUNTIFS(SPV_Harian!$A$8:$A$507,$B$4,SPV_Harian!$B$8:$B$507,$A28,SPV_Harian!$Y$8:$Y$507,"Dikirim")+COUNTIFS(ASM_Harian!$A$8:$A$507,$B$4,ASM_Harian!$B$8:$B$507,$A28,ASM_Harian!$Y$8:$Y$507,"Dikirim")=1,"Dikirim","Draft")))) -> Belum Lapor | H28: =IF(OR($A28="",F28=0),"",SUMIFS(Sales_Harian!$AF$8:$AF$507,Sales_Harian!$A$8:$A$507,$B$4,Sales_Harian!$B$8:$B$507,$A28)+SUMIFS(SPV_Harian!$AE$8:$AE$507,SPV_Harian!$A$8:$A$507,$B$4,SPV_Harian!$B$8:$B$507,$A28)+SUMIFS(ASM_Harian!$AE$8:$AE$507,ASM_Harian!$A$8:$A$507,$B$4,ASM_Harian!$B$8:$B$507,$A28)) | I28: =IF(OR($A28="",F28=0),"",SUMIFS(Sales_Harian!$AG$8:$AG$507,Sales_Harian!$A$8:$A$507,$B$4,Sales_Harian!$B$8:$B$507,$A28)+SUMIFS(SPV_Harian!$AF$8:$AF$507,SPV_Harian!$A$8:$A$507,$B$4,SPV_Harian!$B$8:$B$507,$A28)+SUMIFS(ASM_Harian!$AF$8:$AF$507,ASM_Harian!$A$8:$A$507,$B$4,ASM_Harian!$B$8:$B$507,$A28)) | J28: =IF(OR($A28="",F28=0),"",SUMIFS(Sales_Harian!$AH$8:$AH$507,Sales_Harian!$A$8:$A$507,$B$4,Sales_Harian!$B$8:$B$507,$A28)+SUMIFS(SPV_Harian!$AG$8:$AG$507,SPV_Harian!$A$8:$A$507,$B$4,SPV_Harian!$B$8:$B$507,$A28)+SUMIFS(ASM_Harian!$AG$8:$AG$507,ASM_Harian!$A$8:$A$507,$B$4,ASM_Harian!$B$8:$B$507,$A28)) | K28: =IF(OR($A28="",F28=0),"",SUMIFS(Sales_Harian!$AI$8:$AI$507,Sales_Harian!$A$8:$A$507,$B$4,Sales_Harian!$B$8:$B$507,$A28)+SUMIFS(SPV_Harian!$AH$8:$AH$507,SPV_Harian!$A$8:$A$507,$B$4,SPV_Harian!$B$8:$B$507,$A28)+SUMIFS(ASM_Harian!$AH$8:$AH$507,ASM_Harian!$A$8:$A$507,$B$4,ASM_Harian!$B$8:$B$507,$A28)) | L28: =IF(OR($A28="",F28=0),"",SUMIFS(Sales_Harian!$AK$8:$AK$507,Sales_Harian!$A$8:$A$507,$B$4,Sales_Harian!$B$8:$B$507,$A28)+SUMIFS(SPV_Harian!$AJ$8:$AJ$507,SPV_Harian!$A$8:$A$507,$B$4,SPV_Harian!$B$8:$B$507,$A28)+SUMIFS(ASM_Harian!$AJ$8:$AJ$507,ASM_Harian!$A$8:$A$507,$B$4,ASM_Harian!$B$8:$B$507,$A28)) | M28: =IF($A28="","",IF(OR(F28<>1,H28=0),"n.a.",I28/H28)) -> n.a. | N28: =IF($A28="","",IF(G28<>"Dikirim","",IF(COUNTIFS(Sales_Harian!$A$8:$A$507,$B$4,Sales_Harian!$B$8:$B$507,$A28,Sales_Harian!$AB$8:$AB$507,"Disetujui")+COUNTIFS(SPV_Harian!$A$8:$A$507,$B$4,SPV_Harian!$B$8:$B$507,$A28,SPV_Harian!$AA$8:$AA$507,"Disetujui")+COUNTIFS(ASM_Harian!$A$8:$A$507,$B$4,ASM_Harian!$B$8:$B$507,$A28,ASM_Harian!$AA$8:$AA$507,"Disetujui")=1,IF(COUNTIFS(Sales_Harian!$A$8:$A$507,$B$4,Sales_Harian!$B$8:$B$507,$A28,Sales_Harian!$AM$8:$AM$507,"<>OK")+COUNTIFS(SPV_Harian!$A$8:$A$507,$B$4,SPV_Harian!$B$8:$B$507,$A28,SPV_Harian!$AL$8:$AL$507,"<>OK")+COUNTIFS(ASM_Harian!$A$8:$A$507,$B$4,ASM_Harian!$B$8:$B$507,$A28,ASM_Harian!$AL$8:$AL$507,"<>OK")>0,"Review belum valid","Disetujui"),IF(COUNTIFS(Sales_Harian!$A$8:$A$507,$B$4,Sales_Harian!$B$8:$B$507,$A28,Sales_Harian!$AB$8:$AB$507,"Perlu Perbaikan")+COUNTIFS(SPV_Harian!$A$8:$A$507,$B$4,SPV_Harian!$B$8:$B$507,$A28,SPV_Harian!$AA$8:$AA$507,"Perlu Perbaikan")+COUNTIFS(ASM_Harian!$A$8:$A$507,$B$4,ASM_Harian!$B$8:$B$507,$A28,ASM_Harian!$AA$8:$AA$507,"Perlu Perbaikan")=1,"Perlu Perbaikan","Belum Diperiksa")))) | O28: =IF($A28="","",IF(F28=0,"Belum ada laporan",IF(F28>1,"Hapus/benahi laporan ganda",IF(COUNTIFS(Sales_Harian!$A$8:$A$507,$B$4,Sales_Harian!$B$8:$B$507,$A28,Sales_Harian!$AM$8:$AM$507,"<>OK")+COUNTIFS(SPV_Harian!$A$8:$A$507,$B$4,SPV_Harian!$B$8:$B$507,$A28,SPV_Harian!$AL$8:$AL$507,"<>OK")+COUNTIFS(ASM_Harian!$A$8:$A$507,$B$4,ASM_Harian!$B$8:$B$507,$A28,ASM_Harian!$AL$8:$AL$507,"<>OK")>0,"Periksa validasi_data",IF(SUM(J28:K28)>0,"Ada kegiatan terbuka",IF(N28="Perlu Perbaikan","Tindak lanjuti review",IF(G28="Draft","Kirim laporan",IF(N28="Belum Diperiksa","Menunggu pemeriksaan","")))))))) -> Belum ada laporan
A29: =IF(AND(Master_PIC!A18<>"",Master_PIC!G18="Aktif",Master_PIC!C18<>"Manager"),Master_PIC!A18,"") -> Sales07 | B29: =IF($A29="","",IF(Master_PIC!B18="","",Master_PIC!B18)) -> Hadi Supeno SBFI | C29: =IF($A29="","",IF(Master_PIC!C18="","",Master_PIC!C18)) -> Sales | D29: =IF($A29="","",IF(Master_PIC!D18="","",Master_PIC!D18)) -> Cirebon 1 (Lokal) | E29: =IF($A29="","",IF(Master_PIC!E18="","",Master_PIC!E18)) -> Timur | F29: =IF($A29="","",COUNTIFS(Sales_Harian!$A$8:$A$507,$B$4,Sales_Harian!$B$8:$B$507,$A29)+COUNTIFS(SPV_Harian!$A$8:$A$507,$B$4,SPV_Harian!$B$8:$B$507,$A29)+COUNTIFS(ASM_Harian!$A$8:$A$507,$B$4,ASM_Harian!$B$8:$B$507,$A29)) -> 0 | G29: =IF($A29="","",IF(F29=0,"Belum Lapor",IF(F29>1,"Data Ganda",IF(COUNTIFS(Sales_Harian!$A$8:$A$507,$B$4,Sales_Harian!$B$8:$B$507,$A29,Sales_Harian!$Z$8:$Z$507,"Dikirim")+COUNTIFS(SPV_Harian!$A$8:$A$507,$B$4,SPV_Harian!$B$8:$B$507,$A29,SPV_Harian!$Y$8:$Y$507,"Dikirim")+COUNTIFS(ASM_Harian!$A$8:$A$507,$B$4,ASM_Harian!$B$8:$B$507,$A29,ASM_Harian!$Y$8:$Y$507,"Dikirim")=1,"Dikirim","Draft")))) -> Belum Lapor | H29: =IF(OR($A29="",F29=0),"",SUMIFS(Sales_Harian!$AF$8:$AF$507,Sales_Harian!$A$8:$A$507,$B$4,Sales_Harian!$B$8:$B$507,$A29)+SUMIFS(SPV_Harian!$AE$8:$AE$507,SPV_Harian!$A$8:$A$507,$B$4,SPV_Harian!$B$8:$B$507,$A29)+SUMIFS(ASM_Harian!$AE$8:$AE$507,ASM_Harian!$A$8:$A$507,$B$4,ASM_Harian!$B$8:$B$507,$A29)) | I29: =IF(OR($A29="",F29=0),"",SUMIFS(Sales_Harian!$AG$8:$AG$507,Sales_Harian!$A$8:$A$507,$B$4,Sales_Harian!$B$8:$B$507,$A29)+SUMIFS(SPV_Harian!$AF$8:$AF$507,SPV_Harian!$A$8:$A$507,$B$4,SPV_Harian!$B$8:$B$507,$A29)+SUMIFS(ASM_Harian!$AF$8:$AF$507,ASM_Harian!$A$8:$A$507,$B$4,ASM_Harian!$B$8:$B$507,$A29)) | J29: =IF(OR($A29="",F29=0),"",SUMIFS(Sales_Harian!$AH$8:$AH$507,Sales_Harian!$A$8:$A$507,$B$4,Sales_Harian!$B$8:$B$507,$A29)+SUMIFS(SPV_Harian!$AG$8:$AG$507,SPV_Harian!$A$8:$A$507,$B$4,SPV_Harian!$B$8:$B$507,$A29)+SUMIFS(ASM_Harian!$AG$8:$AG$507,ASM_Harian!$A$8:$A$507,$B$4,ASM_Harian!$B$8:$B$507,$A29)) | K29: =IF(OR($A29="",F29=0),"",SUMIFS(Sales_Harian!$AI$8:$AI$507,Sales_Harian!$A$8:$A$507,$B$4,Sales_Harian!$B$8:$B$507,$A29)+SUMIFS(SPV_Harian!$AH$8:$AH$507,SPV_Harian!$A$8:$A$507,$B$4,SPV_Harian!$B$8:$B$507,$A29)+SUMIFS(ASM_Harian!$AH$8:$AH$507,ASM_Harian!$A$8:$A$507,$B$4,ASM_Harian!$B$8:$B$507,$A29)) | L29: =IF(OR($A29="",F29=0),"",SUMIFS(Sales_Harian!$AK$8:$AK$507,Sales_Harian!$A$8:$A$507,$B$4,Sales_Harian!$B$8:$B$507,$A29)+SUMIFS(SPV_Harian!$AJ$8:$AJ$507,SPV_Harian!$A$8:$A$507,$B$4,SPV_Harian!$B$8:$B$507,$A29)+SUMIFS(ASM_Harian!$AJ$8:$AJ$507,ASM_Harian!$A$8:$A$507,$B$4,ASM_Harian!$B$8:$B$507,$A29)) | M29: =IF($A29="","",IF(OR(F29<>1,H29=0),"n.a.",I29/H29)) -> n.a. | N29: =IF($A29="","",IF(G29<>"Dikirim","",IF(COUNTIFS(Sales_Harian!$A$8:$A$507,$B$4,Sales_Harian!$B$8:$B$507,$A29,Sales_Harian!$AB$8:$AB$507,"Disetujui")+COUNTIFS(SPV_Harian!$A$8:$A$507,$B$4,SPV_Harian!$B$8:$B$507,$A29,SPV_Harian!$AA$8:$AA$507,"Disetujui")+COUNTIFS(ASM_Harian!$A$8:$A$507,$B$4,ASM_Harian!$B$8:$B$507,$A29,ASM_Harian!$AA$8:$AA$507,"Disetujui")=1,IF(COUNTIFS(Sales_Harian!$A$8:$A$507,$B$4,Sales_Harian!$B$8:$B$507,$A29,Sales_Harian!$AM$8:$AM$507,"<>OK")+COUNTIFS(SPV_Harian!$A$8:$A$507,$B$4,SPV_Harian!$B$8:$B$507,$A29,SPV_Harian!$AL$8:$AL$507,"<>OK")+COUNTIFS(ASM_Harian!$A$8:$A$507,$B$4,ASM_Harian!$B$8:$B$507,$A29,ASM_Harian!$AL$8:$AL$507,"<>OK")>0,"Review belum valid","Disetujui"),IF(COUNTIFS(Sales_Harian!$A$8:$A$507,$B$4,Sales_Harian!$B$8:$B$507,$A29,Sales_Harian!$AB$8:$AB$507,"Perlu Perbaikan")+COUNTIFS(SPV_Harian!$A$8:$A$507,$B$4,SPV_Harian!$B$8:$B$507,$A29,SPV_Harian!$AA$8:$AA$507,"Perlu Perbaikan")+COUNTIFS(ASM_Harian!$A$8:$A$507,$B$4,ASM_Harian!$B$8:$B$507,$A29,ASM_Harian!$AA$8:$AA$507,"Perlu Perbaikan")=1,"Perlu Perbaikan","Belum Diperiksa")))) | O29: =IF($A29="","",IF(F29=0,"Belum ada laporan",IF(F29>1,"Hapus/benahi laporan ganda",IF(COUNTIFS(Sales_Harian!$A$8:$A$507,$B$4,Sales_Harian!$B$8:$B$507,$A29,Sales_Harian!$AM$8:$AM$507,"<>OK")+COUNTIFS(SPV_Harian!$A$8:$A$507,$B$4,SPV_Harian!$B$8:$B$507,$A29,SPV_Harian!$AL$8:$AL$507,"<>OK")+COUNTIFS(ASM_Harian!$A$8:$A$507,$B$4,ASM_Harian!$B$8:$B$507,$A29,ASM_Harian!$AL$8:$AL$507,"<>OK")>0,"Periksa validasi_data",IF(SUM(J29:K29)>0,"Ada kegiatan terbuka",IF(N29="Perlu Perbaikan","Tindak lanjuti review",IF(G29="Draft","Kirim laporan",IF(N29="Belum Diperiksa","Menunggu pemeriksaan","")))))))) -> Belum ada laporan
A30: =IF(AND(Master_PIC!A19<>"",Master_PIC!G19="Aktif",Master_PIC!C19<>"Manager"),Master_PIC!A19,"") -> Sales08 | B30: =IF($A30="","",IF(Master_PIC!B19="","",Master_PIC!B19)) -> Hadi Firmansyah | C30: =IF($A30="","",IF(Master_PIC!C19="","",Master_PIC!C19)) -> Sales | D30: =IF($A30="","",IF(Master_PIC!D19="","",Master_PIC!D19)) -> Cirebon 1 (Lokal) | E30: =IF($A30="","",IF(Master_PIC!E19="","",Master_PIC!E19)) -> Timur | F30: =IF($A30="","",COUNTIFS(Sales_Harian!$A$8:$A$507,$B$4,Sales_Harian!$B$8:$B$507,$A30)+COUNTIFS(SPV_Harian!$A$8:$A$507,$B$4,SPV_Harian!$B$8:$B$507,$A30)+COUNTIFS(ASM_Harian!$A$8:$A$507,$B$4,ASM_Harian!$B$8:$B$507,$A30)) -> 0 | G30: =IF($A30="","",IF(F30=0,"Belum Lapor",IF(F30>1,"Data Ganda",IF(COUNTIFS(Sales_Harian!$A$8:$A$507,$B$4,Sales_Harian!$B$8:$B$507,$A30,Sales_Harian!$Z$8:$Z$507,"Dikirim")+COUNTIFS(SPV_Harian!$A$8:$A$507,$B$4,SPV_Harian!$B$8:$B$507,$A30,SPV_Harian!$Y$8:$Y$507,"Dikirim")+COUNTIFS(ASM_Harian!$A$8:$A$507,$B$4,ASM_Harian!$B$8:$B$507,$A30,ASM_Harian!$Y$8:$Y$507,"Dikirim")=1,"Dikirim","Draft")))) -> Belum Lapor | H30: =IF(OR($A30="",F30=0),"",SUMIFS(Sales_Harian!$AF$8:$AF$507,Sales_Harian!$A$8:$A$507,$B$4,Sales_Harian!$B$8:$B$507,$A30)+SUMIFS(SPV_Harian!$AE$8:$AE$507,SPV_Harian!$A$8:$A$507,$B$4,SPV_Harian!$B$8:$B$507,$A30)+SUMIFS(ASM_Harian!$AE$8:$AE$507,ASM_Harian!$A$8:$A$507,$B$4,ASM_Harian!$B$8:$B$507,$A30)) | I30: =IF(OR($A30="",F30=0),"",SUMIFS(Sales_Harian!$AG$8:$AG$507,Sales_Harian!$A$8:$A$507,$B$4,Sales_Harian!$B$8:$B$507,$A30)+SUMIFS(SPV_Harian!$AF$8:$AF$507,SPV_Harian!$A$8:$A$507,$B$4,SPV_Harian!$B$8:$B$507,$A30)+SUMIFS(ASM_Harian!$AF$8:$AF$507,ASM_Harian!$A$8:$A$507,$B$4,ASM_Harian!$B$8:$B$507,$A30)) | J30: =IF(OR($A30="",F30=0),"",SUMIFS(Sales_Harian!$AH$8:$AH$507,Sales_Harian!$A$8:$A$507,$B$4,Sales_Harian!$B$8:$B$507,$A30)+SUMIFS(SPV_Harian!$AG$8:$AG$507,SPV_Harian!$A$8:$A$507,$B$4,SPV_Harian!$B$8:$B$507,$A30)+SUMIFS(ASM_Harian!$AG$8:$AG$507,ASM_Harian!$A$8:$A$507,$B$4,ASM_Harian!$B$8:$B$507,$A30)) | K30: =IF(OR($A30="",F30=0),"",SUMIFS(Sales_Harian!$AI$8:$AI$507,Sales_Harian!$A$8:$A$507,$B$4,Sales_Harian!$B$8:$B$507,$A30)+SUMIFS(SPV_Harian!$AH$8:$AH$507,SPV_Harian!$A$8:$A$507,$B$4,SPV_Harian!$B$8:$B$507,$A30)+SUMIFS(ASM_Harian!$AH$8:$AH$507,ASM_Harian!$A$8:$A$507,$B$4,ASM_Harian!$B$8:$B$507,$A30)) | L30: =IF(OR($A30="",F30=0),"",SUMIFS(Sales_Harian!$AK$8:$AK$507,Sales_Harian!$A$8:$A$507,$B$4,Sales_Harian!$B$8:$B$507,$A30)+SUMIFS(SPV_Harian!$AJ$8:$AJ$507,SPV_Harian!$A$8:$A$507,$B$4,SPV_Harian!$B$8:$B$507,$A30)+SUMIFS(ASM_Harian!$AJ$8:$AJ$507,ASM_Harian!$A$8:$A$507,$B$4,ASM_Harian!$B$8:$B$507,$A30)) | M30: =IF($A30="","",IF(OR(F30<>1,H30=0),"n.a.",I30/H30)) -> n.a. | N30: =IF($A30="","",IF(G30<>"Dikirim","",IF(COUNTIFS(Sales_Harian!$A$8:$A$507,$B$4,Sales_Harian!$B$8:$B$507,$A30,Sales_Harian!$AB$8:$AB$507,"Disetujui")+COUNTIFS(SPV_Harian!$A$8:$A$507,$B$4,SPV_Harian!$B$8:$B$507,$A30,SPV_Harian!$AA$8:$AA$507,"Disetujui")+COUNTIFS(ASM_Harian!$A$8:$A$507,$B$4,ASM_Harian!$B$8:$B$507,$A30,ASM_Harian!$AA$8:$AA$507,"Disetujui")=1,IF(COUNTIFS(Sales_Harian!$A$8:$A$507,$B$4,Sales_Harian!$B$8:$B$507,$A30,Sales_Harian!$AM$8:$AM$507,"<>OK")+COUNTIFS(SPV_Harian!$A$8:$A$507,$B$4,SPV_Harian!$B$8:$B$507,$A30,SPV_Harian!$AL$8:$AL$507,"<>OK")+COUNTIFS(ASM_Harian!$A$8:$A$507,$B$4,ASM_Harian!$B$8:$B$507,$A30,ASM_Harian!$AL$8:$AL$507,"<>OK")>0,"Review belum valid","Disetujui"),IF(COUNTIFS(Sales_Harian!$A$8:$A$507,$B$4,Sales_Harian!$B$8:$B$507,$A30,Sales_Harian!$AB$8:$AB$507,"Perlu Perbaikan")+COUNTIFS(SPV_Harian!$A$8:$A$507,$B$4,SPV_Harian!$B$8:$B$507,$A30,SPV_Harian!$AA$8:$AA$507,"Perlu Perbaikan")+COUNTIFS(ASM_Harian!$A$8:$A$507,$B$4,ASM_Harian!$B$8:$B$507,$A30,ASM_Harian!$AA$8:$AA$507,"Perlu Perbaikan")=1,"Perlu Perbaikan","Belum Diperiksa")))) | O30: =IF($A30="","",IF(F30=0,"Belum ada laporan",IF(F30>1,"Hapus/benahi laporan ganda",IF(COUNTIFS(Sales_Harian!$A$8:$A$507,$B$4,Sales_Harian!$B$8:$B$507,$A30,Sales_Harian!$AM$8:$AM$507,"<>OK")+COUNTIFS(SPV_Harian!$A$8:$A$507,$B$4,SPV_Harian!$B$8:$B$507,$A30,SPV_Harian!$AL$8:$AL$507,"<>OK")+COUNTIFS(ASM_Harian!$A$8:$A$507,$B$4,ASM_Harian!$B$8:$B$507,$A30,ASM_Harian!$AL$8:$AL$507,"<>OK")>0,"Periksa validasi_data",IF(SUM(J30:K30)>0,"Ada kegiatan terbuka",IF(N30="Perlu Perbaikan","Tindak lanjuti review",IF(G30="Draft","Kirim laporan",IF(N30="Belum Diperiksa","Menunggu pemeriksaan","")))))))) -> Belum ada laporan
A31: =IF(AND(Master_PIC!A20<>"",Master_PIC!G20="Aktif",Master_PIC!C20<>"Manager"),Master_PIC!A20,"") -> Sales09 | B31: =IF($A31="","",IF(Master_PIC!B20="","",Master_PIC!B20)) -> Sukeri | C31: =IF($A31="","",IF(Master_PIC!C20="","",Master_PIC!C20)) -> Sales | D31: =IF($A31="","",IF(Master_PIC!D20="","",Master_PIC!D20)) -> Cirebon 1 (Lokal) | E31: =IF($A31="","",IF(Master_PIC!E20="","",Master_PIC!E20)) -> Timur | F31: =IF($A31="","",COUNTIFS(Sales_Harian!$A$8:$A$507,$B$4,Sales_Harian!$B$8:$B$507,$A31)+COUNTIFS(SPV_Harian!$A$8:$A$507,$B$4,SPV_Harian!$B$8:$B$507,$A31)+COUNTIFS(ASM_Harian!$A$8:$A$507,$B$4,ASM_Harian!$B$8:$B$507,$A31)) -> 0 | G31: =IF($A31="","",IF(F31=0,"Belum Lapor",IF(F31>1,"Data Ganda",IF(COUNTIFS(Sales_Harian!$A$8:$A$507,$B$4,Sales_Harian!$B$8:$B$507,$A31,Sales_Harian!$Z$8:$Z$507,"Dikirim")+COUNTIFS(SPV_Harian!$A$8:$A$507,$B$4,SPV_Harian!$B$8:$B$507,$A31,SPV_Harian!$Y$8:$Y$507,"Dikirim")+COUNTIFS(ASM_Harian!$A$8:$A$507,$B$4,ASM_Harian!$B$8:$B$507,$A31,ASM_Harian!$Y$8:$Y$507,"Dikirim")=1,"Dikirim","Draft")))) -> Belum Lapor | H31: =IF(OR($A31="",F31=0),"",SUMIFS(Sales_Harian!$AF$8:$AF$507,Sales_Harian!$A$8:$A$507,$B$4,Sales_Harian!$B$8:$B$507,$A31)+SUMIFS(SPV_Harian!$AE$8:$AE$507,SPV_Harian!$A$8:$A$507,$B$4,SPV_Harian!$B$8:$B$507,$A31)+SUMIFS(ASM_Harian!$AE$8:$AE$507,ASM_Harian!$A$8:$A$507,$B$4,ASM_Harian!$B$8:$B$507,$A31)) | I31: =IF(OR($A31="",F31=0),"",SUMIFS(Sales_Harian!$AG$8:$AG$507,Sales_Harian!$A$8:$A$507,$B$4,Sales_Harian!$B$8:$B$507,$A31)+SUMIFS(SPV_Harian!$AF$8:$AF$507,SPV_Harian!$A$8:$A$507,$B$4,SPV_Harian!$B$8:$B$507,$A31)+SUMIFS(ASM_Harian!$AF$8:$AF$507,ASM_Harian!$A$8:$A$507,$B$4,ASM_Harian!$B$8:$B$507,$A31)) | J31: =IF(OR($A31="",F31=0),"",SUMIFS(Sales_Harian!$AH$8:$AH$507,Sales_Harian!$A$8:$A$507,$B$4,Sales_Harian!$B$8:$B$507,$A31)+SUMIFS(SPV_Harian!$AG$8:$AG$507,SPV_Harian!$A$8:$A$507,$B$4,SPV_Harian!$B$8:$B$507,$A31)+SUMIFS(ASM_Harian!$AG$8:$AG$507,ASM_Harian!$A$8:$A$507,$B$4,ASM_Harian!$B$8:$B$507,$A31)) | K31: =IF(OR($A31="",F31=0),"",SUMIFS(Sales_Harian!$AI$8:$AI$507,Sales_Harian!$A$8:$A$507,$B$4,Sales_Harian!$B$8:$B$507,$A31)+SUMIFS(SPV_Harian!$AH$8:$AH$507,SPV_Harian!$A$8:$A$507,$B$4,SPV_Harian!$B$8:$B$507,$A31)+SUMIFS(ASM_Harian!$AH$8:$AH$507,ASM_Harian!$A$8:$A$507,$B$4,ASM_Harian!$B$8:$B$507,$A31)) | L31: =IF(OR($A31="",F31=0),"",SUMIFS(Sales_Harian!$AK$8:$AK$507,Sales_Harian!$A$8:$A$507,$B$4,Sales_Harian!$B$8:$B$507,$A31)+SUMIFS(SPV_Harian!$AJ$8:$AJ$507,SPV_Harian!$A$8:$A$507,$B$4,SPV_Harian!$B$8:$B$507,$A31)+SUMIFS(ASM_Harian!$AJ$8:$AJ$507,ASM_Harian!$A$8:$A$507,$B$4,ASM_Harian!$B$8:$B$507,$A31)) | M31: =IF($A31="","",IF(OR(F31<>1,H31=0),"n.a.",I31/H31)) -> n.a. | N31: =IF($A31="","",IF(G31<>"Dikirim","",IF(COUNTIFS(Sales_Harian!$A$8:$A$507,$B$4,Sales_Harian!$B$8:$B$507,$A31,Sales_Harian!$AB$8:$AB$507,"Disetujui")+COUNTIFS(SPV_Harian!$A$8:$A$507,$B$4,SPV_Harian!$B$8:$B$507,$A31,SPV_Harian!$AA$8:$AA$507,"Disetujui")+COUNTIFS(ASM_Harian!$A$8:$A$507,$B$4,ASM_Harian!$B$8:$B$507,$A31,ASM_Harian!$AA$8:$AA$507,"Disetujui")=1,IF(COUNTIFS(Sales_Harian!$A$8:$A$507,$B$4,Sales_Harian!$B$8:$B$507,$A31,Sales_Harian!$AM$8:$AM$507,"<>OK")+COUNTIFS(SPV_Harian!$A$8:$A$507,$B$4,SPV_Harian!$B$8:$B$507,$A31,SPV_Harian!$AL$8:$AL$507,"<>OK")+COUNTIFS(ASM_Harian!$A$8:$A$507,$B$4,ASM_Harian!$B$8:$B$507,$A31,ASM_Harian!$AL$8:$AL$507,"<>OK")>0,"Review belum valid","Disetujui"),IF(COUNTIFS(Sales_Harian!$A$8:$A$507,$B$4,Sales_Harian!$B$8:$B$507,$A31,Sales_Harian!$AB$8:$AB$507,"Perlu Perbaikan")+COUNTIFS(SPV_Harian!$A$8:$A$507,$B$4,SPV_Harian!$B$8:$B$507,$A31,SPV_Harian!$AA$8:$AA$507,"Perlu Perbaikan")+COUNTIFS(ASM_Harian!$A$8:$A$507,$B$4,ASM_Harian!$B$8:$B$507,$A31,ASM_Harian!$AA$8:$AA$507,"Perlu Perbaikan")=1,"Perlu Perbaikan","Belum Diperiksa")))) | O31: =IF($A31="","",IF(F31=0,"Belum ada laporan",IF(F31>1,"Hapus/benahi laporan ganda",IF(COUNTIFS(Sales_Harian!$A$8:$A$507,$B$4,Sales_Harian!$B$8:$B$507,$A31,Sales_Harian!$AM$8:$AM$507,"<>OK")+COUNTIFS(SPV_Harian!$A$8:$A$507,$B$4,SPV_Harian!$B$8:$B$507,$A31,SPV_Harian!$AL$8:$AL$507,"<>OK")+COUNTIFS(ASM_Harian!$A$8:$A$507,$B$4,ASM_Harian!$B$8:$B$507,$A31,ASM_Harian!$AL$8:$AL$507,"<>OK")>0,"Periksa validasi_data",IF(SUM(J31:K31)>0,"Ada kegiatan terbuka",IF(N31="Perlu Perbaikan","Tindak lanjuti review",IF(G31="Draft","Kirim laporan",IF(N31="Belum Diperiksa","Menunggu pemeriksaan","")))))))) -> Belum ada laporan
A32: =IF(AND(Master_PIC!A21<>"",Master_PIC!G21="Aktif",Master_PIC!C21<>"Manager"),Master_PIC!A21,"") -> Sales10 | B32: =IF($A32="","",IF(Master_PIC!B21="","",Master_PIC!B21)) -> Mohammad Suyatno | C32: =IF($A32="","",IF(Master_PIC!C21="","",Master_PIC!C21)) -> Sales | D32: =IF($A32="","",IF(Master_PIC!D21="","",Master_PIC!D21)) -> Cirebon 1 (Lokal) | E32: =IF($A32="","",IF(Master_PIC!E21="","",Master_PIC!E21)) -> Timur | F32: =IF($A32="","",COUNTIFS(Sales_Harian!$A$8:$A$507,$B$4,Sales_Harian!$B$8:$B$507,$A32)+COUNTIFS(SPV_Harian!$A$8:$A$507,$B$4,SPV_Harian!$B$8:$B$507,$A32)+COUNTIFS(ASM_Harian!$A$8:$A$507,$B$4,ASM_Harian!$B$8:$B$507,$A32)) -> 0 | G32: =IF($A32="","",IF(F32=0,"Belum Lapor",IF(F32>1,"Data Ganda",IF(COUNTIFS(Sales_Harian!$A$8:$A$507,$B$4,Sales_Harian!$B$8:$B$507,$A32,Sales_Harian!$Z$8:$Z$507,"Dikirim")+COUNTIFS(SPV_Harian!$A$8:$A$507,$B$4,SPV_Harian!$B$8:$B$507,$A32,SPV_Harian!$Y$8:$Y$507,"Dikirim")+COUNTIFS(ASM_Harian!$A$8:$A$507,$B$4,ASM_Harian!$B$8:$B$507,$A32,ASM_Harian!$Y$8:$Y$507,"Dikirim")=1,"Dikirim","Draft")))) -> Belum Lapor | H32: =IF(OR($A32="",F32=0),"",SUMIFS(Sales_Harian!$AF$8:$AF$507,Sales_Harian!$A$8:$A$507,$B$4,Sales_Harian!$B$8:$B$507,$A32)+SUMIFS(SPV_Harian!$AE$8:$AE$507,SPV_Harian!$A$8:$A$507,$B$4,SPV_Harian!$B$8:$B$507,$A32)+SUMIFS(ASM_Harian!$AE$8:$AE$507,ASM_Harian!$A$8:$A$507,$B$4,ASM_Harian!$B$8:$B$507,$A32)) | I32: =IF(OR($A32="",F32=0),"",SUMIFS(Sales_Harian!$AG$8:$AG$507,Sales_Harian!$A$8:$A$507,$B$4,Sales_Harian!$B$8:$B$507,$A32)+SUMIFS(SPV_Harian!$AF$8:$AF$507,SPV_Harian!$A$8:$A$507,$B$4,SPV_Harian!$B$8:$B$507,$A32)+SUMIFS(ASM_Harian!$AF$8:$AF$507,ASM_Harian!$A$8:$A$507,$B$4,ASM_Harian!$B$8:$B$507,$A32)) | J32: =IF(OR($A32="",F32=0),"",SUMIFS(Sales_Harian!$AH$8:$AH$507,Sales_Harian!$A$8:$A$507,$B$4,Sales_Harian!$B$8:$B$507,$A32)+SUMIFS(SPV_Harian!$AG$8:$AG$507,SPV_Harian!$A$8:$A$507,$B$4,SPV_Harian!$B$8:$B$507,$A32)+SUMIFS(ASM_Harian!$AG$8:$AG$507,ASM_Harian!$A$8:$A$507,$B$4,ASM_Harian!$B$8:$B$507,$A32)) | K32: =IF(OR($A32="",F32=0),"",SUMIFS(Sales_Harian!$AI$8:$AI$507,Sales_Harian!$A$8:$A$507,$B$4,Sales_Harian!$B$8:$B$507,$A32)+SUMIFS(SPV_Harian!$AH$8:$AH$507,SPV_Harian!$A$8:$A$507,$B$4,SPV_Harian!$B$8:$B$507,$A32)+SUMIFS(ASM_Harian!$AH$8:$AH$507,ASM_Harian!$A$8:$A$507,$B$4,ASM_Harian!$B$8:$B$507,$A32)) | L32: =IF(OR($A32="",F32=0),"",SUMIFS(Sales_Harian!$AK$8:$AK$507,Sales_Harian!$A$8:$A$507,$B$4,Sales_Harian!$B$8:$B$507,$A32)+SUMIFS(SPV_Harian!$AJ$8:$AJ$507,SPV_Harian!$A$8:$A$507,$B$4,SPV_Harian!$B$8:$B$507,$A32)+SUMIFS(ASM_Harian!$AJ$8:$AJ$507,ASM_Harian!$A$8:$A$507,$B$4,ASM_Harian!$B$8:$B$507,$A32)) | M32: =IF($A32="","",IF(OR(F32<>1,H32=0),"n.a.",I32/H32)) -> n.a. | N32: =IF($A32="","",IF(G32<>"Dikirim","",IF(COUNTIFS(Sales_Harian!$A$8:$A$507,$B$4,Sales_Harian!$B$8:$B$507,$A32,Sales_Harian!$AB$8:$AB$507,"Disetujui")+COUNTIFS(SPV_Harian!$A$8:$A$507,$B$4,SPV_Harian!$B$8:$B$507,$A32,SPV_Harian!$AA$8:$AA$507,"Disetujui")+COUNTIFS(ASM_Harian!$A$8:$A$507,$B$4,ASM_Harian!$B$8:$B$507,$A32,ASM_Harian!$AA$8:$AA$507,"Disetujui")=1,IF(COUNTIFS(Sales_Harian!$A$8:$A$507,$B$4,Sales_Harian!$B$8:$B$507,$A32,Sales_Harian!$AM$8:$AM$507,"<>OK")+COUNTIFS(SPV_Harian!$A$8:$A$507,$B$4,SPV_Harian!$B$8:$B$507,$A32,SPV_Harian!$AL$8:$AL$507,"<>OK")+COUNTIFS(ASM_Harian!$A$8:$A$507,$B$4,ASM_Harian!$B$8:$B$507,$A32,ASM_Harian!$AL$8:$AL$507,"<>OK")>0,"Review belum valid","Disetujui"),IF(COUNTIFS(Sales_Harian!$A$8:$A$507,$B$4,Sales_Harian!$B$8:$B$507,$A32,Sales_Harian!$AB$8:$AB$507,"Perlu Perbaikan")+COUNTIFS(SPV_Harian!$A$8:$A$507,$B$4,SPV_Harian!$B$8:$B$507,$A32,SPV_Harian!$AA$8:$AA$507,"Perlu Perbaikan")+COUNTIFS(ASM_Harian!$A$8:$A$507,$B$4,ASM_Harian!$B$8:$B$507,$A32,ASM_Harian!$AA$8:$AA$507,"Perlu Perbaikan")=1,"Perlu Perbaikan","Belum Diperiksa")))) | O32: =IF($A32="","",IF(F32=0,"Belum ada laporan",IF(F32>1,"Hapus/benahi laporan ganda",IF(COUNTIFS(Sales_Harian!$A$8:$A$507,$B$4,Sales_Harian!$B$8:$B$507,$A32,Sales_Harian!$AM$8:$AM$507,"<>OK")+COUNTIFS(SPV_Harian!$A$8:$A$507,$B$4,SPV_Harian!$B$8:$B$507,$A32,SPV_Harian!$AL$8:$AL$507,"<>OK")+COUNTIFS(ASM_Harian!$A$8:$A$507,$B$4,ASM_Harian!$B$8:$B$507,$A32,ASM_Harian!$AL$8:$AL$507,"<>OK")>0,"Periksa validasi_data",IF(SUM(J32:K32)>0,"Ada kegiatan terbuka",IF(N32="Perlu Perbaikan","Tindak lanjuti review",IF(G32="Draft","Kirim laporan",IF(N32="Belum Diperiksa","Menunggu pemeriksaan","")))))))) -> Belum ada laporan
A33: =IF(AND(Master_PIC!A22<>"",Master_PIC!G22="Aktif",Master_PIC!C22<>"Manager"),Master_PIC!A22,"") -> Sales11 | B33: =IF($A33="","",IF(Master_PIC!B22="","",Master_PIC!B22)) -> Dany Sholeh Setiawan | C33: =IF($A33="","",IF(Master_PIC!C22="","",Master_PIC!C22)) -> Sales | D33: =IF($A33="","",IF(Master_PIC!D22="","",Master_PIC!D22)) -> Cirebon 1 (Lokal) | E33: =IF($A33="","",IF(Master_PIC!E22="","",Master_PIC!E22)) -> Timur | F33: =IF($A33="","",COUNTIFS(Sales_Harian!$A$8:$A$507,$B$4,Sales_Harian!$B$8:$B$507,$A33)+COUNTIFS(SPV_Harian!$A$8:$A$507,$B$4,SPV_Harian!$B$8:$B$507,$A33)+COUNTIFS(ASM_Harian!$A$8:$A$507,$B$4,ASM_Harian!$B$8:$B$507,$A33)) -> 0 | G33: =IF($A33="","",IF(F33=0,"Belum Lapor",IF(F33>1,"Data Ganda",IF(COUNTIFS(Sales_Harian!$A$8:$A$507,$B$4,Sales_Harian!$B$8:$B$507,$A33,Sales_Harian!$Z$8:$Z$507,"Dikirim")+COUNTIFS(SPV_Harian!$A$8:$A$507,$B$4,SPV_Harian!$B$8:$B$507,$A33,SPV_Harian!$Y$8:$Y$507,"Dikirim")+COUNTIFS(ASM_Harian!$A$8:$A$507,$B$4,ASM_Harian!$B$8:$B$507,$A33,ASM_Harian!$Y$8:$Y$507,"Dikirim")=1,"Dikirim","Draft")))) -> Belum Lapor | H33: =IF(OR($A33="",F33=0),"",SUMIFS(Sales_Harian!$AF$8:$AF$507,Sales_Harian!$A$8:$A$507,$B$4,Sales_Harian!$B$8:$B$507,$A33)+SUMIFS(SPV_Harian!$AE$8:$AE$507,SPV_Harian!$A$8:$A$507,$B$4,SPV_Harian!$B$8:$B$507,$A33)+SUMIFS(ASM_Harian!$AE$8:$AE$507,ASM_Harian!$A$8:$A$507,$B$4,ASM_Harian!$B$8:$B$507,$A33)) | I33: =IF(OR($A33="",F33=0),"",SUMIFS(Sales_Harian!$AG$8:$AG$507,Sales_Harian!$A$8:$A$507,$B$4,Sales_Harian!$B$8:$B$507,$A33)+SUMIFS(SPV_Harian!$AF$8:$AF$507,SPV_Harian!$A$8:$A$507,$B$4,SPV_Harian!$B$8:$B$507,$A33)+SUMIFS(ASM_Harian!$AF$8:$AF$507,ASM_Harian!$A$8:$A$507,$B$4,ASM_Harian!$B$8:$B$507,$A33)) | J33: =IF(OR($A33="",F33=0),"",SUMIFS(Sales_Harian!$AH$8:$AH$507,Sales_Harian!$A$8:$A$507,$B$4,Sales_Harian!$B$8:$B$507,$A33)+SUMIFS(SPV_Harian!$AG$8:$AG$507,SPV_Harian!$A$8:$A$507,$B$4,SPV_Harian!$B$8:$B$507,$A33)+SUMIFS(ASM_Harian!$AG$8:$AG$507,ASM_Harian!$A$8:$A$507,$B$4,ASM_Harian!$B$8:$B$507,$A33)) | K33: =IF(OR($A33="",F33=0),"",SUMIFS(Sales_Harian!$AI$8:$AI$507,Sales_Harian!$A$8:$A$507,$B$4,Sales_Harian!$B$8:$B$507,$A33)+SUMIFS(SPV_Harian!$AH$8:$AH$507,SPV_Harian!$A$8:$A$507,$B$4,SPV_Harian!$B$8:$B$507,$A33)+SUMIFS(ASM_Harian!$AH$8:$AH$507,ASM_Harian!$A$8:$A$507,$B$4,ASM_Harian!$B$8:$B$507,$A33)) | L33: =IF(OR($A33="",F33=0),"",SUMIFS(Sales_Harian!$AK$8:$AK$507,Sales_Harian!$A$8:$A$507,$B$4,Sales_Harian!$B$8:$B$507,$A33)+SUMIFS(SPV_Harian!$AJ$8:$AJ$507,SPV_Harian!$A$8:$A$507,$B$4,SPV_Harian!$B$8:$B$507,$A33)+SUMIFS(ASM_Harian!$AJ$8:$AJ$507,ASM_Harian!$A$8:$A$507,$B$4,ASM_Harian!$B$8:$B$507,$A33)) | M33: =IF($A33="","",IF(OR(F33<>1,H33=0),"n.a.",I33/H33)) -> n.a. | N33: =IF($A33="","",IF(G33<>"Dikirim","",IF(COUNTIFS(Sales_Harian!$A$8:$A$507,$B$4,Sales_Harian!$B$8:$B$507,$A33,Sales_Harian!$AB$8:$AB$507,"Disetujui")+COUNTIFS(SPV_Harian!$A$8:$A$507,$B$4,SPV_Harian!$B$8:$B$507,$A33,SPV_Harian!$AA$8:$AA$507,"Disetujui")+COUNTIFS(ASM_Harian!$A$8:$A$507,$B$4,ASM_Harian!$B$8:$B$507,$A33,ASM_Harian!$AA$8:$AA$507,"Disetujui")=1,IF(COUNTIFS(Sales_Harian!$A$8:$A$507,$B$4,Sales_Harian!$B$8:$B$507,$A33,Sales_Harian!$AM$8:$AM$507,"<>OK")+COUNTIFS(SPV_Harian!$A$8:$A$507,$B$4,SPV_Harian!$B$8:$B$507,$A33,SPV_Harian!$AL$8:$AL$507,"<>OK")+COUNTIFS(ASM_Harian!$A$8:$A$507,$B$4,ASM_Harian!$B$8:$B$507,$A33,ASM_Harian!$AL$8:$AL$507,"<>OK")>0,"Review belum valid","Disetujui"),IF(COUNTIFS(Sales_Harian!$A$8:$A$507,$B$4,Sales_Harian!$B$8:$B$507,$A33,Sales_Harian!$AB$8:$AB$507,"Perlu Perbaikan")+COUNTIFS(SPV_Harian!$A$8:$A$507,$B$4,SPV_Harian!$B$8:$B$507,$A33,SPV_Harian!$AA$8:$AA$507,"Perlu Perbaikan")+COUNTIFS(ASM_Harian!$A$8:$A$507,$B$4,ASM_Harian!$B$8:$B$507,$A33,ASM_Harian!$AA$8:$AA$507,"Perlu Perbaikan")=1,"Perlu Perbaikan","Belum Diperiksa")))) | O33: =IF($A33="","",IF(F33=0,"Belum ada laporan",IF(F33>1,"Hapus/benahi laporan ganda",IF(COUNTIFS(Sales_Harian!$A$8:$A$507,$B$4,Sales_Harian!$B$8:$B$507,$A33,Sales_Harian!$AM$8:$AM$507,"<>OK")+COUNTIFS(SPV_Harian!$A$8:$A$507,$B$4,SPV_Harian!$B$8:$B$507,$A33,SPV_Harian!$AL$8:$AL$507,"<>OK")+COUNTIFS(ASM_Harian!$A$8:$A$507,$B$4,ASM_Harian!$B$8:$B$507,$A33,ASM_Harian!$AL$8:$AL$507,"<>OK")>0,"Periksa validasi_data",IF(SUM(J33:K33)>0,"Ada kegiatan terbuka",IF(N33="Perlu Perbaikan","Tindak lanjuti review",IF(G33="Draft","Kirim laporan",IF(N33="Belum Diperiksa","Menunggu pemeriksaan","")))))))) -> Belum ada laporan
A34: =IF(AND(Master_PIC!A23<>"",Master_PIC!G23="Aktif",Master_PIC!C23<>"Manager"),Master_PIC!A23,"") -> Sales12 | B34: =IF($A34="","",IF(Master_PIC!B23="","",Master_PIC!B23)) -> Rahmat Hidayat | C34: =IF($A34="","",IF(Master_PIC!C23="","",Master_PIC!C23)) -> Sales | D34: =IF($A34="","",IF(Master_PIC!D23="","",Master_PIC!D23)) -> Cirebon 1 (Lokal) | E34: =IF($A34="","",IF(Master_PIC!E23="","",Master_PIC!E23)) -> Timur | F34: =IF($A34="","",COUNTIFS(Sales_Harian!$A$8:$A$507,$B$4,Sales_Harian!$B$8:$B$507,$A34)+COUNTIFS(SPV_Harian!$A$8:$A$507,$B$4,SPV_Harian!$B$8:$B$507,$A34)+COUNTIFS(ASM_Harian!$A$8:$A$507,$B$4,ASM_Harian!$B$8:$B$507,$A34)) -> 0 | G34: =IF($A34="","",IF(F34=0,"Belum Lapor",IF(F34>1,"Data Ganda",IF(COUNTIFS(Sales_Harian!$A$8:$A$507,$B$4,Sales_Harian!$B$8:$B$507,$A34,Sales_Harian!$Z$8:$Z$507,"Dikirim")+COUNTIFS(SPV_Harian!$A$8:$A$507,$B$4,SPV_Harian!$B$8:$B$507,$A34,SPV_Harian!$Y$8:$Y$507,"Dikirim")+COUNTIFS(ASM_Harian!$A$8:$A$507,$B$4,ASM_Harian!$B$8:$B$507,$A34,ASM_Harian!$Y$8:$Y$507,"Dikirim")=1,"Dikirim","Draft")))) -> Belum Lapor | H34: =IF(OR($A34="",F34=0),"",SUMIFS(Sales_Harian!$AF$8:$AF$507,Sales_Harian!$A$8:$A$507,$B$4,Sales_Harian!$B$8:$B$507,$A34)+SUMIFS(SPV_Harian!$AE$8:$AE$507,SPV_Harian!$A$8:$A$507,$B$4,SPV_Harian!$B$8:$B$507,$A34)+SUMIFS(ASM_Harian!$AE$8:$AE$507,ASM_Harian!$A$8:$A$507,$B$4,ASM_Harian!$B$8:$B$507,$A34)) | I34: =IF(OR($A34="",F34=0),"",SUMIFS(Sales_Harian!$AG$8:$AG$507,Sales_Harian!$A$8:$A$507,$B$4,Sales_Harian!$B$8:$B$507,$A34)+SUMIFS(SPV_Harian!$AF$8:$AF$507,SPV_Harian!$A$8:$A$507,$B$4,SPV_Harian!$B$8:$B$507,$A34)+SUMIFS(ASM_Harian!$AF$8:$AF$507,ASM_Harian!$A$8:$A$507,$B$4,ASM_Harian!$B$8:$B$507,$A34)) | J34: =IF(OR($A34="",F34=0),"",SUMIFS(Sales_Harian!$AH$8:$AH$507,Sales_Harian!$A$8:$A$507,$B$4,Sales_Harian!$B$8:$B$507,$A34)+SUMIFS(SPV_Harian!$AG$8:$AG$507,SPV_Harian!$A$8:$A$507,$B$4,SPV_Harian!$B$8:$B$507,$A34)+SUMIFS(ASM_Harian!$AG$8:$AG$507,ASM_Harian!$A$8:$A$507,$B$4,ASM_Harian!$B$8:$B$507,$A34)) | K34: =IF(OR($A34="",F34=0),"",SUMIFS(Sales_Harian!$AI$8:$AI$507,Sales_Harian!$A$8:$A$507,$B$4,Sales_Harian!$B$8:$B$507,$A34)+SUMIFS(SPV_Harian!$AH$8:$AH$507,SPV_Harian!$A$8:$A$507,$B$4,SPV_Harian!$B$8:$B$507,$A34)+SUMIFS(ASM_Harian!$AH$8:$AH$507,ASM_Harian!$A$8:$A$507,$B$4,ASM_Harian!$B$8:$B$507,$A34)) | L34: =IF(OR($A34="",F34=0),"",SUMIFS(Sales_Harian!$AK$8:$AK$507,Sales_Harian!$A$8:$A$507,$B$4,Sales_Harian!$B$8:$B$507,$A34)+SUMIFS(SPV_Harian!$AJ$8:$AJ$507,SPV_Harian!$A$8:$A$507,$B$4,SPV_Harian!$B$8:$B$507,$A34)+SUMIFS(ASM_Harian!$AJ$8:$AJ$507,ASM_Harian!$A$8:$A$507,$B$4,ASM_Harian!$B$8:$B$507,$A34)) | M34: =IF($A34="","",IF(OR(F34<>1,H34=0),"n.a.",I34/H34)) -> n.a. | N34: =IF($A34="","",IF(G34<>"Dikirim","",IF(COUNTIFS(Sales_Harian!$A$8:$A$507,$B$4,Sales_Harian!$B$8:$B$507,$A34,Sales_Harian!$AB$8:$AB$507,"Disetujui")+COUNTIFS(SPV_Harian!$A$8:$A$507,$B$4,SPV_Harian!$B$8:$B$507,$A34,SPV_Harian!$AA$8:$AA$507,"Disetujui")+COUNTIFS(ASM_Harian!$A$8:$A$507,$B$4,ASM_Harian!$B$8:$B$507,$A34,ASM_Harian!$AA$8:$AA$507,"Disetujui")=1,IF(COUNTIFS(Sales_Harian!$A$8:$A$507,$B$4,Sales_Harian!$B$8:$B$507,$A34,Sales_Harian!$AM$8:$AM$507,"<>OK")+COUNTIFS(SPV_Harian!$A$8:$A$507,$B$4,SPV_Harian!$B$8:$B$507,$A34,SPV_Harian!$AL$8:$AL$507,"<>OK")+COUNTIFS(ASM_Harian!$A$8:$A$507,$B$4,ASM_Harian!$B$8:$B$507,$A34,ASM_Harian!$AL$8:$AL$507,"<>OK")>0,"Review belum valid","Disetujui"),IF(COUNTIFS(Sales_Harian!$A$8:$A$507,$B$4,Sales_Harian!$B$8:$B$507,$A34,Sales_Harian!$AB$8:$AB$507,"Perlu Perbaikan")+COUNTIFS(SPV_Harian!$A$8:$A$507,$B$4,SPV_Harian!$B$8:$B$507,$A34,SPV_Harian!$AA$8:$AA$507,"Perlu Perbaikan")+COUNTIFS(ASM_Harian!$A$8:$A$507,$B$4,ASM_Harian!$B$8:$B$507,$A34,ASM_Harian!$AA$8:$AA$507,"Perlu Perbaikan")=1,"Perlu Perbaikan","Belum Diperiksa")))) | O34: =IF($A34="","",IF(F34=0,"Belum ada laporan",IF(F34>1,"Hapus/benahi laporan ganda",IF(COUNTIFS(Sales_Harian!$A$8:$A$507,$B$4,Sales_Harian!$B$8:$B$507,$A34,Sales_Harian!$AM$8:$AM$507,"<>OK")+COUNTIFS(SPV_Harian!$A$8:$A$507,$B$4,SPV_Harian!$B$8:$B$507,$A34,SPV_Harian!$AL$8:$AL$507,"<>OK")+COUNTIFS(ASM_Harian!$A$8:$A$507,$B$4,ASM_Harian!$B$8:$B$507,$A34,ASM_Harian!$AL$8:$AL$507,"<>OK")>0,"Periksa validasi_data",IF(SUM(J34:K34)>0,"Ada kegiatan terbuka",IF(N34="Perlu Perbaikan","Tindak lanjuti review",IF(G34="Draft","Kirim laporan",IF(N34="Belum Diperiksa","Menunggu pemeriksaan","")))))))) -> Belum ada laporan
A35: =IF(AND(Master_PIC!A24<>"",Master_PIC!G24="Aktif",Master_PIC!C24<>"Manager"),Master_PIC!A24,"") -> Sales13 | B35: =IF($A35="","",IF(Master_PIC!B24="","",Master_PIC!B24)) -> Andi Supandi | C35: =IF($A35="","",IF(Master_PIC!C24="","",Master_PIC!C24)) -> Sales | D35: =IF($A35="","",IF(Master_PIC!D24="","",Master_PIC!D24)) -> Cirebon 1 (Lokal) | E35: =IF($A35="","",IF(Master_PIC!E24="","",Master_PIC!E24)) -> Timur | F35: =IF($A35="","",COUNTIFS(Sales_Harian!$A$8:$A$507,$B$4,Sales_Harian!$B$8:$B$507,$A35)+COUNTIFS(SPV_Harian!$A$8:$A$507,$B$4,SPV_Harian!$B$8:$B$507,$A35)+COUNTIFS(ASM_Harian!$A$8:$A$507,$B$4,ASM_Harian!$B$8:$B$507,$A35)) -> 0 | G35: =IF($A35="","",IF(F35=0,"Belum Lapor",IF(F35>1,"Data Ganda",IF(COUNTIFS(Sales_Harian!$A$8:$A$507,$B$4,Sales_Harian!$B$8:$B$507,$A35,Sales_Harian!$Z$8:$Z$507,"Dikirim")+COUNTIFS(SPV_Harian!$A$8:$A$507,$B$4,SPV_Harian!$B$8:$B$507,$A35,SPV_Harian!$Y$8:$Y$507,"Dikirim")+COUNTIFS(ASM_Harian!$A$8:$A$507,$B$4,ASM_Harian!$B$8:$B$507,$A35,ASM_Harian!$Y$8:$Y$507,"Dikirim")=1,"Dikirim","Draft")))) -> Belum Lapor | H35: =IF(OR($A35="",F35=0),"",SUMIFS(Sales_Harian!$AF$8:$AF$507,Sales_Harian!$A$8:$A$507,$B$4,Sales_Harian!$B$8:$B$507,$A35)+SUMIFS(SPV_Harian!$AE$8:$AE$507,SPV_Harian!$A$8:$A$507,$B$4,SPV_Harian!$B$8:$B$507,$A35)+SUMIFS(ASM_Harian!$AE$8:$AE$507,ASM_Harian!$A$8:$A$507,$B$4,ASM_Harian!$B$8:$B$507,$A35)) | I35: =IF(OR($A35="",F35=0),"",SUMIFS(Sales_Harian!$AG$8:$AG$507,Sales_Harian!$A$8:$A$507,$B$4,Sales_Harian!$B$8:$B$507,$A35)+SUMIFS(SPV_Harian!$AF$8:$AF$507,SPV_Harian!$A$8:$A$507,$B$4,SPV_Harian!$B$8:$B$507,$A35)+SUMIFS(ASM_Harian!$AF$8:$AF$507,ASM_Harian!$A$8:$A$507,$B$4,ASM_Harian!$B$8:$B$507,$A35)) | J35: =IF(OR($A35="",F35=0),"",SUMIFS(Sales_Harian!$AH$8:$AH$507,Sales_Harian!$A$8:$A$507,$B$4,Sales_Harian!$B$8:$B$507,$A35)+SUMIFS(SPV_Harian!$AG$8:$AG$507,SPV_Harian!$A$8:$A$507,$B$4,SPV_Harian!$B$8:$B$507,$A35)+SUMIFS(ASM_Harian!$AG$8:$AG$507,ASM_Harian!$A$8:$A$507,$B$4,ASM_Harian!$B$8:$B$507,$A35)) | K35: =IF(OR($A35="",F35=0),"",SUMIFS(Sales_Harian!$AI$8:$AI$507,Sales_Harian!$A$8:$A$507,$B$4,Sales_Harian!$B$8:$B$507,$A35)+SUMIFS(SPV_Harian!$AH$8:$AH$507,SPV_Harian!$A$8:$A$507,$B$4,SPV_Harian!$B$8:$B$507,$A35)+SUMIFS(ASM_Harian!$AH$8:$AH$507,ASM_Harian!$A$8:$A$507,$B$4,ASM_Harian!$B$8:$B$507,$A35)) | L35: =IF(OR($A35="",F35=0),"",SUMIFS(Sales_Harian!$AK$8:$AK$507,Sales_Harian!$A$8:$A$507,$B$4,Sales_Harian!$B$8:$B$507,$A35)+SUMIFS(SPV_Harian!$AJ$8:$AJ$507,SPV_Harian!$A$8:$A$507,$B$4,SPV_Harian!$B$8:$B$507,$A35)+SUMIFS(ASM_Harian!$AJ$8:$AJ$507,ASM_Harian!$A$8:$A$507,$B$4,ASM_Harian!$B$8:$B$507,$A35)) | M35: =IF($A35="","",IF(OR(F35<>1,H35=0),"n.a.",I35/H35)) -> n.a. | N35: =IF($A35="","",IF(G35<>"Dikirim","",IF(COUNTIFS(Sales_Harian!$A$8:$A$507,$B$4,Sales_Harian!$B$8:$B$507,$A35,Sales_Harian!$AB$8:$AB$507,"Disetujui")+COUNTIFS(SPV_Harian!$A$8:$A$507,$B$4,SPV_Harian!$B$8:$B$507,$A35,SPV_Harian!$AA$8:$AA$507,"Disetujui")+COUNTIFS(ASM_Harian!$A$8:$A$507,$B$4,ASM_Harian!$B$8:$B$507,$A35,ASM_Harian!$AA$8:$AA$507,"Disetujui")=1,IF(COUNTIFS(Sales_Harian!$A$8:$A$507,$B$4,Sales_Harian!$B$8:$B$507,$A35,Sales_Harian!$AM$8:$AM$507,"<>OK")+COUNTIFS(SPV_Harian!$A$8:$A$507,$B$4,SPV_Harian!$B$8:$B$507,$A35,SPV_Harian!$AL$8:$AL$507,"<>OK")+COUNTIFS(ASM_Harian!$A$8:$A$507,$B$4,ASM_Harian!$B$8:$B$507,$A35,ASM_Harian!$AL$8:$AL$507,"<>OK")>0,"Review belum valid","Disetujui"),IF(COUNTIFS(Sales_Harian!$A$8:$A$507,$B$4,Sales_Harian!$B$8:$B$507,$A35,Sales_Harian!$AB$8:$AB$507,"Perlu Perbaikan")+COUNTIFS(SPV_Harian!$A$8:$A$507,$B$4,SPV_Harian!$B$8:$B$507,$A35,SPV_Harian!$AA$8:$AA$507,"Perlu Perbaikan")+COUNTIFS(ASM_Harian!$A$8:$A$507,$B$4,ASM_Harian!$B$8:$B$507,$A35,ASM_Harian!$AA$8:$AA$507,"Perlu Perbaikan")=1,"Perlu Perbaikan","Belum Diperiksa")))) | O35: =IF($A35="","",IF(F35=0,"Belum ada laporan",IF(F35>1,"Hapus/benahi laporan ganda",IF(COUNTIFS(Sales_Harian!$A$8:$A$507,$B$4,Sales_Harian!$B$8:$B$507,$A35,Sales_Harian!$AM$8:$AM$507,"<>OK")+COUNTIFS(SPV_Harian!$A$8:$A$507,$B$4,SPV_Harian!$B$8:$B$507,$A35,SPV_Harian!$AL$8:$AL$507,"<>OK")+COUNTIFS(ASM_Harian!$A$8:$A$507,$B$4,ASM_Harian!$B$8:$B$507,$A35,ASM_Harian!$AL$8:$AL$507,"<>OK")>0,"Periksa validasi_data",IF(SUM(J35:K35)>0,"Ada kegiatan terbuka",IF(N35="Perlu Perbaikan","Tindak lanjuti review",IF(G35="Draft","Kirim laporan",IF(N35="Belum Diperiksa","Menunggu pemeriksaan","")))))))) -> Belum ada laporan
... A37: =IF(AND(Master_PIC!A26<>"",Master_PIC!G26="Aktif",Master_PIC!C26<>"Manager"),Master_PIC!A26,"") -> Sch01 | B37: =IF($A37="","",IF(Master_PIC!B26="","",Master_PIC!B26)) -> Benny Medianto Wibowo | C37: =IF($A37="","",IF(Master_PIC!C26="","",Master_PIC!C26)) -> Sales | D37: =IF($A37="","",IF(Master_PIC!D26="","",Master_PIC!D26)) -> Cirebon 1 (Lokal) | E37: =IF($A37="","",IF(Master_PIC!E26="","",Master_PIC!E26)) -> Timur | F37: =IF($A37="","",COUNTIFS(Sales_Harian!$A$8:$A$507,$B$4,Sales_Harian!$B$8:$B$507,$A37)+COUNTIFS(SPV_Harian!$A$8:$A$507,$B$4,SPV_Harian!$B$8:$B$507,$A37)+COUNTIFS(ASM_Harian!$A$8:$A$507,$B$4,ASM_Harian!$B$8:$B$507,$A37)) -> 0 | G37: =IF($A37="","",IF(F37=0,"Belum Lapor",IF(F37>1,"Data Ganda",IF(COUNTIFS(Sales_Harian!$A$8:$A$507,$B$4,Sales_Harian!$B$8:$B$507,$A37,Sales_Harian!$Z$8:$Z$507,"Dikirim")+COUNTIFS(SPV_Harian!$A$8:$A$507,$B$4,SPV_Harian!$B$8:$B$507,$A37,SPV_Harian!$Y$8:$Y$507,"Dikirim")+COUNTIFS(ASM_Harian!$A$8:$A$507,$B$4,ASM_Harian!$B$8:$B$507,$A37,ASM_Harian!$Y$8:$Y$507,"Dikirim")=1,"Dikirim","Draft")))) -> Belum Lapor | H37: =IF(OR($A37="",F37=0),"",SUMIFS(Sales_Harian!$AF$8:$AF$507,Sales_Harian!$A$8:$A$507,$B$4,Sales_Harian!$B$8:$B$507,$A37)+SUMIFS(SPV_Harian!$AE$8:$AE$507,SPV_Harian!$A$8:$A$507,$B$4,SPV_Harian!$B$8:$B$507,$A37)+SUMIFS(ASM_Harian!$AE$8:$AE$507,ASM_Harian!$A$8:$A$507,$B$4,ASM_Harian!$B$8:$B$507,$A37)) | I37: =IF(OR($A37="",F37=0),"",SUMIFS(Sales_Harian!$AG$8:$AG$507,Sales_Harian!$A$8:$A$507,$B$4,Sales_Harian!$B$8:$B$507,$A37)+SUMIFS(SPV_Harian!$AF$8:$AF$507,SPV_Harian!$A$8:$A$507,$B$4,SPV_Harian!$B$8:$B$507,$A37)+SUMIFS(ASM_Harian!$AF$8:$AF$507,ASM_Harian!$A$8:$A$507,$B$4,ASM_Harian!$B$8:$B$507,$A37)) | J37: =IF(OR($A37="",F37=0),"",SUMIFS(Sales_Harian!$AH$8:$AH$507,Sales_Harian!$A$8:$A$507,$B$4,Sales_Harian!$B$8:$B$507,$A37)+SUMIFS(SPV_Harian!$AG$8:$AG$507,SPV_Harian!$A$8:$A$507,$B$4,SPV_Harian!$B$8:$B$507,$A37)+SUMIFS(ASM_Harian!$AG$8:$AG$507,ASM_Harian!$A$8:$A$507,$B$4,ASM_Harian!$B$8:$B$507,$A37)) | K37: =IF(OR($A37="",F37=0),"",SUMIFS(Sales_Harian!$AI$8:$AI$507,Sales_Harian!$A$8:$A$507,$B$4,Sales_Harian!$B$8:$B$507,$A37)+SUMIFS(SPV_Harian!$AH$8:$AH$507,SPV_Harian!$A$8:$A$507,$B$4,SPV_Harian!$B$8:$B$507,$A37)+SUMIFS(ASM_Harian!$AH$8:$AH$507,ASM_Harian!$A$8:$A$507,$B$4,ASM_Harian!$B$8:$B$507,$A37)) | L37: =IF(OR($A37="",F37=0),"",SUMIFS(Sales_Harian!$AK$8:$AK$507,Sales_Harian!$A$8:$A$507,$B$4,Sales_Harian!$B$8:$B$507,$A37)+SUMIFS(SPV_Harian!$AJ$8:$AJ$507,SPV_Harian!$A$8:$A$507,$B$4,SPV_Harian!$B$8:$B$507,$A37)+SUMIFS(ASM_Harian!$AJ$8:$AJ$507,ASM_Harian!$A$8:$A$507,$B$4,ASM_Harian!$B$8:$B$507,$A37)) | M37: =IF($A37="","",IF(OR(F37<>1,H37=0),"n.a.",I37/H37)) -> n.a. | N37: =IF($A37="","",IF(G37<>"Dikirim","",IF(COUNTIFS(Sales_Harian!$A$8:$A$507,$B$4,Sales_Harian!$B$8:$B$507,$A37,Sales_Harian!$AB$8:$AB$507,"Disetujui")+COUNTIFS(SPV_Harian!$A$8:$A$507,$B$4,SPV_Harian!$B$8:$B$507,$A37,SPV_Harian!$AA$8:$AA$507,"Disetujui")+COUNTIFS(ASM_Harian!$A$8:$A$507,$B$4,ASM_Harian!$B$8:$B$507,$A37,ASM_Harian!$AA$8:$AA$507,"Disetujui")=1,IF(COUNTIFS(Sales_Harian!$A$8:$A$507,$B$4,Sales_Harian!$B$8:$B$507,$A37,Sales_Harian!$AM$8:$AM$507,"<>OK")+COUNTIFS(SPV_Harian!$A$8:$A$507,$B$4,SPV_Harian!$B$8:$B$507,$A37,SPV_Harian!$AL$8:$AL$507,"<>OK")+COUNTIFS(ASM_Harian!$A$8:$A$507,$B$4,ASM_Harian!$B$8:$B$507,$A37,ASM_Harian!$AL$8:$AL$507,"<>OK")>0,"Review belum valid","Disetujui"),IF(COUNTIFS(Sales_Harian!$A$8:$A$507,$B$4,Sales_Harian!$B$8:$B$507,$A37,Sales_Harian!$AB$8:$AB$507,"Perlu Perbaikan")+COUNTIFS(SPV_Harian!$A$8:$A$507,$B$4,SPV_Harian!$B$8:$B$507,$A37,SPV_Harian!$AA$8:$AA$507,"Perlu Perbaikan")+COUNTIFS(ASM_Harian!$A$8:$A$507,$B$4,ASM_Harian!$B$8:$B$507,$A37,ASM_Harian!$AA$8:$AA$507,"Perlu Perbaikan")=1,"Perlu Perbaikan","Belum Diperiksa")))) | O37: =IF($A37="","",IF(F37=0,"Belum ada laporan",IF(F37>1,"Hapus/benahi laporan ganda",IF(COUNTIFS(Sales_Harian!$A$8:$A$507,$B$4,Sales_Harian!$B$8:$B$507,$A37,Sales_Harian!$AM$8:$AM$507,"<>OK")+COUNTIFS(SPV_Harian!$A$8:$A$507,$B$4,SPV_Harian!$B$8:$B$507,$A37,SPV_Harian!$AL$8:$AL$507,"<>OK")+COUNTIFS(ASM_Harian!$A$8:$A$507,$B$4,ASM_Harian!$B$8:$B$507,$A37,ASM_Harian!$AL$8:$AL$507,"<>OK")>0,"Periksa validasi_data",IF(SUM(J37:K37)>0,"Ada kegiatan terbuka",IF(N37="Perlu Perbaikan","Tindak lanjuti review",IF(G37="Draft","Kirim laporan",IF(N37="Belum Diperiksa","Menunggu pemeriksaan","")))))))) -> Belum ada laporan
A38: =IF(AND(Master_PIC!A28<>"",Master_PIC!G28="Aktif",Master_PIC!C28<>"Manager"),Master_PIC!A28,"") -> Sales15 | B38: =IF($A38="","",IF(Master_PIC!B28="","",Master_PIC!B28)) -> Taufik Firmansyah SBFI Bandung | C38: =IF($A38="","",IF(Master_PIC!C28="","",Master_PIC!C28)) -> Sales | D38: =IF($A38="","",IF(Master_PIC!D28="","",Master_PIC!D28)) -> Bandung | E38: =IF($A38="","",IF(Master_PIC!E28="","",Master_PIC!E28)) -> Timur | F38: =IF($A38="","",COUNTIFS(Sales_Harian!$A$8:$A$507,$B$4,Sales_Harian!$B$8:$B$507,$A38)+COUNTIFS(SPV_Harian!$A$8:$A$507,$B$4,SPV_Harian!$B$8:$B$507,$A38)+COUNTIFS(ASM_Harian!$A$8:$A$507,$B$4,ASM_Harian!$B$8:$B$507,$A38)) -> 0 | G38: =IF($A38="","",IF(F38=0,"Belum Lapor",IF(F38>1,"Data Ganda",IF(COUNTIFS(Sales_Harian!$A$8:$A$507,$B$4,Sales_Harian!$B$8:$B$507,$A38,Sales_Harian!$Z$8:$Z$507,"Dikirim")+COUNTIFS(SPV_Harian!$A$8:$A$507,$B$4,SPV_Harian!$B$8:$B$507,$A38,SPV_Harian!$Y$8:$Y$507,"Dikirim")+COUNTIFS(ASM_Harian!$A$8:$A$507,$B$4,ASM_Harian!$B$8:$B$507,$A38,ASM_Harian!$Y$8:$Y$507,"Dikirim")=1,"Dikirim","Draft")))) -> Belum Lapor | H38: =IF(OR($A38="",F38=0),"",SUMIFS(Sales_Harian!$AF$8:$AF$507,Sales_Harian!$A$8:$A$507,$B$4,Sales_Harian!$B$8:$B$507,$A38)+SUMIFS(SPV_Harian!$AE$8:$AE$507,SPV_Harian!$A$8:$A$507,$B$4,SPV_Harian!$B$8:$B$507,$A38)+SUMIFS(ASM_Harian!$AE$8:$AE$507,ASM_Harian!$A$8:$A$507,$B$4,ASM_Harian!$B$8:$B$507,$A38)) | I38: =IF(OR($A38="",F38=0),"",SUMIFS(Sales_Harian!$AG$8:$AG$507,Sales_Harian!$A$8:$A$507,$B$4,Sales_Harian!$B$8:$B$507,$A38)+SUMIFS(SPV_Harian!$AF$8:$AF$507,SPV_Harian!$A$8:$A$507,$B$4,SPV_Harian!$B$8:$B$507,$A38)+SUMIFS(ASM_Harian!$AF$8:$AF$507,ASM_Harian!$A$8:$A$507,$B$4,ASM_Harian!$B$8:$B$507,$A38)) | J38: =IF(OR($A38="",F38=0),"",SUMIFS(Sales_Harian!$AH$8:$AH$507,Sales_Harian!$A$8:$A$507,$B$4,Sales_Harian!$B$8:$B$507,$A38)+SUMIFS(SPV_Harian!$AG$8:$AG$507,SPV_Harian!$A$8:$A$507,$B$4,SPV_Harian!$B$8:$B$507,$A38)+SUMIFS(ASM_Harian!$AG$8:$AG$507,ASM_Harian!$A$8:$A$507,$B$4,ASM_Harian!$B$8:$B$507,$A38)) | K38: =IF(OR($A38="",F38=0),"",SUMIFS(Sales_Harian!$AI$8:$AI$507,Sales_Harian!$A$8:$A$507,$B$4,Sales_Harian!$B$8:$B$507,$A38)+SUMIFS(SPV_Harian!$AH$8:$AH$507,SPV_Harian!$A$8:$A$507,$B$4,SPV_Harian!$B$8:$B$507,$A38)+SUMIFS(ASM_Harian!$AH$8:$AH$507,ASM_Harian!$A$8:$A$507,$B$4,ASM_Harian!$B$8:$B$507,$A38)) | L38: =IF(OR($A38="",F38=0),"",SUMIFS(Sales_Harian!$AK$8:$AK$507,Sales_Harian!$A$8:$A$507,$B$4,Sales_Harian!$B$8:$B$507,$A38)+SUMIFS(SPV_Harian!$AJ$8:$AJ$507,SPV_Harian!$A$8:$A$507,$B$4,SPV_Harian!$B$8:$B$507,$A38)+SUMIFS(ASM_Harian!$AJ$8:$AJ$507,ASM_Harian!$A$8:$A$507,$B$4,ASM_Harian!$B$8:$B$507,$A38)) | M38: =IF($A38="","",IF(OR(F38<>1,H38=0),"n.a.",I38/H38)) -> n.a. | N38: =IF($A38="","",IF(G38<>"Dikirim","",IF(COUNTIFS(Sales_Harian!$A$8:$A$507,$B$4,Sales_Harian!$B$8:$B$507,$A38,Sales_Harian!$AB$8:$AB$507,"Disetujui")+COUNTIFS(SPV_Harian!$A$8:$A$507,$B$4,SPV_Harian!$B$8:$B$507,$A38,SPV_Harian!$AA$8:$AA$507,"Disetujui")+COUNTIFS(ASM_Harian!$A$8:$A$507,$B$4,ASM_Harian!$B$8:$B$507,$A38,ASM_Harian!$AA$8:$AA$507,"Disetujui")=1,IF(COUNTIFS(Sales_Harian!$A$8:$A$507,$B$4,Sales_Harian!$B$8:$B$507,$A38,Sales_Harian!$AM$8:$AM$507,"<>OK")+COUNTIFS(SPV_Harian!$A$8:$A$507,$B$4,SPV_Harian!$B$8:$B$507,$A38,SPV_Harian!$AL$8:$AL$507,"<>OK")+COUNTIFS(ASM_Harian!$A$8:$A$507,$B$4,ASM_Harian!$B$8:$B$507,$A38,ASM_Harian!$AL$8:$AL$507,"<>OK")>0,"Review belum valid","Disetujui"),IF(COUNTIFS(Sales_Harian!$A$8:$A$507,$B$4,Sales_Harian!$B$8:$B$507,$A38,Sales_Harian!$AB$8:$AB$507,"Perlu Perbaikan")+COUNTIFS(SPV_Harian!$A$8:$A$507,$B$4,SPV_Harian!$B$8:$B$507,$A38,SPV_Harian!$AA$8:$AA$507,"Perlu Perbaikan")+COUNTIFS(ASM_Harian!$A$8:$A$507,$B$4,ASM_Harian!$B$8:$B$507,$A38,ASM_Harian!$AA$8:$AA$507,"Perlu Perbaikan")=1,"Perlu Perbaikan","Belum Diperiksa")))) | O38: =IF($A38="","",IF(F38=0,"Belum ada laporan",IF(F38>1,"Hapus/benahi laporan ganda",IF(COUNTIFS(Sales_Harian!$A$8:$A$507,$B$4,Sales_Harian!$B$8:$B$507,$A38,Sales_Harian!$AM$8:$AM$507,"<>OK")+COUNTIFS(SPV_Harian!$A$8:$A$507,$B$4,SPV_Harian!$B$8:$B$507,$A38,SPV_Harian!$AL$8:$AL$507,"<>OK")+COUNTIFS(ASM_Harian!$A$8:$A$507,$B$4,ASM_Harian!$B$8:$B$507,$A38,ASM_Harian!$AL$8:$AL$507,"<>OK")>0,"Periksa validasi_data",IF(SUM(J38:K38)>0,"Ada kegiatan terbuka",IF(N38="Perlu Perbaikan","Tindak lanjuti review",IF(G38="Draft","Kirim laporan",IF(N38="Belum Diperiksa","Menunggu pemeriksaan","")))))))) -> Belum ada laporan
A39: =IF(AND(Master_PIC!A29<>"",Master_PIC!G29="Aktif",Master_PIC!C29<>"Manager"),Master_PIC!A29,"") -> Sales16 | B39: =IF($A39="","",IF(Master_PIC!B29="","",Master_PIC!B29)) -> Andri Umbara SBFI Bandung | C39: =IF($A39="","",IF(Master_PIC!C29="","",Master_PIC!C29)) -> Sales | D39: =IF($A39="","",IF(Master_PIC!D29="","",Master_PIC!D29)) -> Bandung | E39: =IF($A39="","",IF(Master_PIC!E29="","",Master_PIC!E29)) -> Timur | F39: =IF($A39="","",COUNTIFS(Sales_Harian!$A$8:$A$507,$B$4,Sales_Harian!$B$8:$B$507,$A39)+COUNTIFS(SPV_Harian!$A$8:$A$507,$B$4,SPV_Harian!$B$8:$B$507,$A39)+COUNTIFS(ASM_Harian!$A$8:$A$507,$B$4,ASM_Harian!$B$8:$B$507,$A39)) -> 0 | G39: =IF($A39="","",IF(F39=0,"Belum Lapor",IF(F39>1,"Data Ganda",IF(COUNTIFS(Sales_Harian!$A$8:$A$507,$B$4,Sales_Harian!$B$8:$B$507,$A39,Sales_Harian!$Z$8:$Z$507,"Dikirim")+COUNTIFS(SPV_Harian!$A$8:$A$507,$B$4,SPV_Harian!$B$8:$B$507,$A39,SPV_Harian!$Y$8:$Y$507,"Dikirim")+COUNTIFS(ASM_Harian!$A$8:$A$507,$B$4,ASM_Harian!$B$8:$B$507,$A39,ASM_Harian!$Y$8:$Y$507,"Dikirim")=1,"Dikirim","Draft")))) -> Belum Lapor | H39: =IF(OR($A39="",F39=0),"",SUMIFS(Sales_Harian!$AF$8:$AF$507,Sales_Harian!$A$8:$A$507,$B$4,Sales_Harian!$B$8:$B$507,$A39)+SUMIFS(SPV_Harian!$AE$8:$AE$507,SPV_Harian!$A$8:$A$507,$B$4,SPV_Harian!$B$8:$B$507,$A39)+SUMIFS(ASM_Harian!$AE$8:$AE$507,ASM_Harian!$A$8:$A$507,$B$4,ASM_Harian!$B$8:$B$507,$A39)) | I39: =IF(OR($A39="",F39=0),"",SUMIFS(Sales_Harian!$AG$8:$AG$507,Sales_Harian!$A$8:$A$507,$B$4,Sales_Harian!$B$8:$B$507,$A39)+SUMIFS(SPV_Harian!$AF$8:$AF$507,SPV_Harian!$A$8:$A$507,$B$4,SPV_Harian!$B$8:$B$507,$A39)+SUMIFS(ASM_Harian!$AF$8:$AF$507,ASM_Harian!$A$8:$A$507,$B$4,ASM_Harian!$B$8:$B$507,$A39)) | J39: =IF(OR($A39="",F39=0),"",SUMIFS(Sales_Harian!$AH$8:$AH$507,Sales_Harian!$A$8:$A$507,$B$4,Sales_Harian!$B$8:$B$507,$A39)+SUMIFS(SPV_Harian!$AG$8:$AG$507,SPV_Harian!$A$8:$A$507,$B$4,SPV_Harian!$B$8:$B$507,$A39)+SUMIFS(ASM_Harian!$AG$8:$AG$507,ASM_Harian!$A$8:$A$507,$B$4,ASM_Harian!$B$8:$B$507,$A39)) | K39: =IF(OR($A39="",F39=0),"",SUMIFS(Sales_Harian!$AI$8:$AI$507,Sales_Harian!$A$8:$A$507,$B$4,Sales_Harian!$B$8:$B$507,$A39)+SUMIFS(SPV_Harian!$AH$8:$AH$507,SPV_Harian!$A$8:$A$507,$B$4,SPV_Harian!$B$8:$B$507,$A39)+SUMIFS(ASM_Harian!$AH$8:$AH$507,ASM_Harian!$A$8:$A$507,$B$4,ASM_Harian!$B$8:$B$507,$A39)) | L39: =IF(OR($A39="",F39=0),"",SUMIFS(Sales_Harian!$AK$8:$AK$507,Sales_Harian!$A$8:$A$507,$B$4,Sales_Harian!$B$8:$B$507,$A39)+SUMIFS(SPV_Harian!$AJ$8:$AJ$507,SPV_Harian!$A$8:$A$507,$B$4,SPV_Harian!$B$8:$B$507,$A39)+SUMIFS(ASM_Harian!$AJ$8:$AJ$507,ASM_Harian!$A$8:$A$507,$B$4,ASM_Harian!$B$8:$B$507,$A39)) | M39: =IF($A39="","",IF(OR(F39<>1,H39=0),"n.a.",I39/H39)) -> n.a. | N39: =IF($A39="","",IF(G39<>"Dikirim","",IF(COUNTIFS(Sales_Harian!$A$8:$A$507,$B$4,Sales_Harian!$B$8:$B$507,$A39,Sales_Harian!$AB$8:$AB$507,"Disetujui")+COUNTIFS(SPV_Harian!$A$8:$A$507,$B$4,SPV_Harian!$B$8:$B$507,$A39,SPV_Harian!$AA$8:$AA$507,"Disetujui")+COUNTIFS(ASM_Harian!$A$8:$A$507,$B$4,ASM_Harian!$B$8:$B$507,$A39,ASM_Harian!$AA$8:$AA$507,"Disetujui")=1,IF(COUNTIFS(Sales_Harian!$A$8:$A$507,$B$4,Sales_Harian!$B$8:$B$507,$A39,Sales_Harian!$AM$8:$AM$507,"<>OK")+COUNTIFS(SPV_Harian!$A$8:$A$507,$B$4,SPV_Harian!$B$8:$B$507,$A39,SPV_Harian!$AL$8:$AL$507,"<>OK")+COUNTIFS(ASM_Harian!$A$8:$A$507,$B$4,ASM_Harian!$B$8:$B$507,$A39,ASM_Harian!$AL$8:$AL$507,"<>OK")>0,"Review belum valid","Disetujui"),IF(COUNTIFS(Sales_Harian!$A$8:$A$507,$B$4,Sales_Harian!$B$8:$B$507,$A39,Sales_Harian!$AB$8:$AB$507,"Perlu Perbaikan")+COUNTIFS(SPV_Harian!$A$8:$A$507,$B$4,SPV_Harian!$B$8:$B$507,$A39,SPV_Harian!$AA$8:$AA$507,"Perlu Perbaikan")+COUNTIFS(ASM_Harian!$A$8:$A$507,$B$4,ASM_Harian!$B$8:$B$507,$A39,ASM_Harian!$AA$8:$AA$507,"Perlu Perbaikan")=1,"Perlu Perbaikan","Belum Diperiksa")))) | O39: =IF($A39="","",IF(F39=0,"Belum ada laporan",IF(F39>1,"Hapus/benahi laporan ganda",IF(COUNTIFS(Sales_Harian!$A$8:$A$507,$B$4,Sales_Harian!$B$8:$B$507,$A39,Sales_Harian!$AM$8:$AM$507,"<>OK")+COUNTIFS(SPV_Harian!$A$8:$A$507,$B$4,SPV_Harian!$B$8:$B$507,$A39,SPV_Harian!$AL$8:$AL$507,"<>OK")+COUNTIFS(ASM_Harian!$A$8:$A$507,$B$4,ASM_Harian!$B$8:$B$507,$A39,ASM_Harian!$AL$8:$AL$507,"<>OK")>0,"Periksa validasi_data",IF(SUM(J39:K39)>0,"Ada kegiatan terbuka",IF(N39="Perlu Perbaikan","Tindak lanjuti review",IF(G39="Draft","Kirim laporan",IF(N39="Belum Diperiksa","Menunggu pemeriksaan","")))))))) -> Belum ada laporan
A40: =IF(AND(Master_PIC!A31<>"",Master_PIC!G31="Aktif",Master_PIC!C31<>"Manager"),Master_PIC!A31,"") -> Sales17 | B40: =IF($A40="","",IF(Master_PIC!B31="","",Master_PIC!B31)) -> Eri Sigit Hermawan | C40: =IF($A40="","",IF(Master_PIC!C31="","",Master_PIC!C31)) -> Sales | D40: =IF($A40="","",IF(Master_PIC!D31="","",Master_PIC!D31)) -> Pekalongan | E40: =IF($A40="","",IF(Master_PIC!E31="","",Master_PIC!E31)) -> Timur | F40: =IF($A40="","",COUNTIFS(Sales_Harian!$A$8:$A$507,$B$4,Sales_Harian!$B$8:$B$507,$A40)+COUNTIFS(SPV_Harian!$A$8:$A$507,$B$4,SPV_Harian!$B$8:$B$507,$A40)+COUNTIFS(ASM_Harian!$A$8:$A$507,$B$4,ASM_Harian!$B$8:$B$507,$A40)) -> 0 | G40: =IF($A40="","",IF(F40=0,"Belum Lapor",IF(F40>1,"Data Ganda",IF(COUNTIFS(Sales_Harian!$A$8:$A$507,$B$4,Sales_Harian!$B$8:$B$507,$A40,Sales_Harian!$Z$8:$Z$507,"Dikirim")+COUNTIFS(SPV_Harian!$A$8:$A$507,$B$4,SPV_Harian!$B$8:$B$507,$A40,SPV_Harian!$Y$8:$Y$507,"Dikirim")+COUNTIFS(ASM_Harian!$A$8:$A$507,$B$4,ASM_Harian!$B$8:$B$507,$A40,ASM_Harian!$Y$8:$Y$507,"Dikirim")=1,"Dikirim","Draft")))) -> Belum Lapor | H40: =IF(OR($A40="",F40=0),"",SUMIFS(Sales_Harian!$AF$8:$AF$507,Sales_Harian!$A$8:$A$507,$B$4,Sales_Harian!$B$8:$B$507,$A40)+SUMIFS(SPV_Harian!$AE$8:$AE$507,SPV_Harian!$A$8:$A$507,$B$4,SPV_Harian!$B$8:$B$507,$A40)+SUMIFS(ASM_Harian!$AE$8:$AE$507,ASM_Harian!$A$8:$A$507,$B$4,ASM_Harian!$B$8:$B$507,$A40)) | I40: =IF(OR($A40="",F40=0),"",SUMIFS(Sales_Harian!$AG$8:$AG$507,Sales_Harian!$A$8:$A$507,$B$4,Sales_Harian!$B$8:$B$507,$A40)+SUMIFS(SPV_Harian!$AF$8:$AF$507,SPV_Harian!$A$8:$A$507,$B$4,SPV_Harian!$B$8:$B$507,$A40)+SUMIFS(ASM_Harian!$AF$8:$AF$507,ASM_Harian!$A$8:$A$507,$B$4,ASM_Harian!$B$8:$B$507,$A40)) | J40: =IF(OR($A40="",F40=0),"",SUMIFS(Sales_Harian!$AH$8:$AH$507,Sales_Harian!$A$8:$A$507,$B$4,Sales_Harian!$B$8:$B$507,$A40)+SUMIFS(SPV_Harian!$AG$8:$AG$507,SPV_Harian!$A$8:$A$507,$B$4,SPV_Harian!$B$8:$B$507,$A40)+SUMIFS(ASM_Harian!$AG$8:$AG$507,ASM_Harian!$A$8:$A$507,$B$4,ASM_Harian!$B$8:$B$507,$A40)) | K40: =IF(OR($A40="",F40=0),"",SUMIFS(Sales_Harian!$AI$8:$AI$507,Sales_Harian!$A$8:$A$507,$B$4,Sales_Harian!$B$8:$B$507,$A40)+SUMIFS(SPV_Harian!$AH$8:$AH$507,SPV_Harian!$A$8:$A$507,$B$4,SPV_Harian!$B$8:$B$507,$A40)+SUMIFS(ASM_Harian!$AH$8:$AH$507,ASM_Harian!$A$8:$A$507,$B$4,ASM_Harian!$B$8:$B$507,$A40)) | L40: =IF(OR($A40="",F40=0),"",SUMIFS(Sales_Harian!$AK$8:$AK$507,Sales_Harian!$A$8:$A$507,$B$4,Sales_Harian!$B$8:$B$507,$A40)+SUMIFS(SPV_Harian!$AJ$8:$AJ$507,SPV_Harian!$A$8:$A$507,$B$4,SPV_Harian!$B$8:$B$507,$A40)+SUMIFS(ASM_Harian!$AJ$8:$AJ$507,ASM_Harian!$A$8:$A$507,$B$4,ASM_Harian!$B$8:$B$507,$A40)) | M40: =IF($A40="","",IF(OR(F40<>1,H40=0),"n.a.",I40/H40)) -> n.a. | N40: =IF($A40="","",IF(G40<>"Dikirim","",IF(COUNTIFS(Sales_Harian!$A$8:$A$507,$B$4,Sales_Harian!$B$8:$B$507,$A40,Sales_Harian!$AB$8:$AB$507,"Disetujui")+COUNTIFS(SPV_Harian!$A$8:$A$507,$B$4,SPV_Harian!$B$8:$B$507,$A40,SPV_Harian!$AA$8:$AA$507,"Disetujui")+COUNTIFS(ASM_Harian!$A$8:$A$507,$B$4,ASM_Harian!$B$8:$B$507,$A40,ASM_Harian!$AA$8:$AA$507,"Disetujui")=1,IF(COUNTIFS(Sales_Harian!$A$8:$A$507,$B$4,Sales_Harian!$B$8:$B$507,$A40,Sales_Harian!$AM$8:$AM$507,"<>OK")+COUNTIFS(SPV_Harian!$A$8:$A$507,$B$4,SPV_Harian!$B$8:$B$507,$A40,SPV_Harian!$AL$8:$AL$507,"<>OK")+COUNTIFS(ASM_Harian!$A$8:$A$507,$B$4,ASM_Harian!$B$8:$B$507,$A40,ASM_Harian!$AL$8:$AL$507,"<>OK")>0,"Review belum valid","Disetujui"),IF(COUNTIFS(Sales_Harian!$A$8:$A$507,$B$4,Sales_Harian!$B$8:$B$507,$A40,Sales_Harian!$AB$8:$AB$507,"Perlu Perbaikan")+COUNTIFS(SPV_Harian!$A$8:$A$507,$B$4,SPV_Harian!$B$8:$B$507,$A40,SPV_Harian!$AA$8:$AA$507,"Perlu Perbaikan")+COUNTIFS(ASM_Harian!$A$8:$A$507,$B$4,ASM_Harian!$B$8:$B$507,$A40,ASM_Harian!$AA$8:$AA$507,"Perlu Perbaikan")=1,"Perlu Perbaikan","Belum Diperiksa")))) | O40: =IF($A40="","",IF(F40=0,"Belum ada laporan",IF(F40>1,"Hapus/benahi laporan ganda",IF(COUNTIFS(Sales_Harian!$A$8:$A$507,$B$4,Sales_Harian!$B$8:$B$507,$A40,Sales_Harian!$AM$8:$AM$507,"<>OK")+COUNTIFS(SPV_Harian!$A$8:$A$507,$B$4,SPV_Harian!$B$8:$B$507,$A40,SPV_Harian!$AL$8:$AL$507,"<>OK")+COUNTIFS(ASM_Harian!$A$8:$A$507,$B$4,ASM_Harian!$B$8:$B$507,$A40,ASM_Harian!$AL$8:$AL$507,"<>OK")>0,"Periksa validasi_data",IF(SUM(J40:K40)>0,"Ada kegiatan terbuka",IF(N40="Perlu Perbaikan","Tindak lanjuti review",IF(G40="Draft","Kirim laporan",IF(N40="Belum Diperiksa","Menunggu pemeriksaan","")))))))) -> Belum ada laporan
A41: =IF(AND(Master_PIC!A32<>"",Master_PIC!G32="Aktif",Master_PIC!C32<>"Manager"),Master_PIC!A32,"") -> Sales18 | B41: =IF($A41="","",IF(Master_PIC!B32="","",Master_PIC!B32)) -> Eriya Dhika Pratama | C41: =IF($A41="","",IF(Master_PIC!C32="","",Master_PIC!C32)) -> Sales | D41: =IF($A41="","",IF(Master_PIC!D32="","",Master_PIC!D32)) -> Pekalongan | E41: =IF($A41="","",IF(Master_PIC!E32="","",Master_PIC!E32)) -> Timur | F41: =IF($A41="","",COUNTIFS(Sales_Harian!$A$8:$A$507,$B$4,Sales_Harian!$B$8:$B$507,$A41)+COUNTIFS(SPV_Harian!$A$8:$A$507,$B$4,SPV_Harian!$B$8:$B$507,$A41)+COUNTIFS(ASM_Harian!$A$8:$A$507,$B$4,ASM_Harian!$B$8:$B$507,$A41)) -> 0 | G41: =IF($A41="","",IF(F41=0,"Belum Lapor",IF(F41>1,"Data Ganda",IF(COUNTIFS(Sales_Harian!$A$8:$A$507,$B$4,Sales_Harian!$B$8:$B$507,$A41,Sales_Harian!$Z$8:$Z$507,"Dikirim")+COUNTIFS(SPV_Harian!$A$8:$A$507,$B$4,SPV_Harian!$B$8:$B$507,$A41,SPV_Harian!$Y$8:$Y$507,"Dikirim")+COUNTIFS(ASM_Harian!$A$8:$A$507,$B$4,ASM_Harian!$B$8:$B$507,$A41,ASM_Harian!$Y$8:$Y$507,"Dikirim")=1,"Dikirim","Draft")))) -> Belum Lapor | H41: =IF(OR($A41="",F41=0),"",SUMIFS(Sales_Harian!$AF$8:$AF$507,Sales_Harian!$A$8:$A$507,$B$4,Sales_Harian!$B$8:$B$507,$A41)+SUMIFS(SPV_Harian!$AE$8:$AE$507,SPV_Harian!$A$8:$A$507,$B$4,SPV_Harian!$B$8:$B$507,$A41)+SUMIFS(ASM_Harian!$AE$8:$AE$507,ASM_Harian!$A$8:$A$507,$B$4,ASM_Harian!$B$8:$B$507,$A41)) | I41: =IF(OR($A41="",F41=0),"",SUMIFS(Sales_Harian!$AG$8:$AG$507,Sales_Harian!$A$8:$A$507,$B$4,Sales_Harian!$B$8:$B$507,$A41)+SUMIFS(SPV_Harian!$AF$8:$AF$507,SPV_Harian!$A$8:$A$507,$B$4,SPV_Harian!$B$8:$B$507,$A41)+SUMIFS(ASM_Harian!$AF$8:$AF$507,ASM_Harian!$A$8:$A$507,$B$4,ASM_Harian!$B$8:$B$507,$A41)) | J41: =IF(OR($A41="",F41=0),"",SUMIFS(Sales_Harian!$AH$8:$AH$507,Sales_Harian!$A$8:$A$507,$B$4,Sales_Harian!$B$8:$B$507,$A41)+SUMIFS(SPV_Harian!$AG$8:$AG$507,SPV_Harian!$A$8:$A$507,$B$4,SPV_Harian!$B$8:$B$507,$A41)+SUMIFS(ASM_Harian!$AG$8:$AG$507,ASM_Harian!$A$8:$A$507,$B$4,ASM_Harian!$B$8:$B$507,$A41)) | K41: =IF(OR($A41="",F41=0),"",SUMIFS(Sales_Harian!$AI$8:$AI$507,Sales_Harian!$A$8:$A$507,$B$4,Sales_Harian!$B$8:$B$507,$A41)+SUMIFS(SPV_Harian!$AH$8:$AH$507,SPV_Harian!$A$8:$A$507,$B$4,SPV_Harian!$B$8:$B$507,$A41)+SUMIFS(ASM_Harian!$AH$8:$AH$507,ASM_Harian!$A$8:$A$507,$B$4,ASM_Harian!$B$8:$B$507,$A41)) | L41: =IF(OR($A41="",F41=0),"",SUMIFS(Sales_Harian!$AK$8:$AK$507,Sales_Harian!$A$8:$A$507,$B$4,Sales_Harian!$B$8:$B$507,$A41)+SUMIFS(SPV_Harian!$AJ$8:$AJ$507,SPV_Harian!$A$8:$A$507,$B$4,SPV_Harian!$B$8:$B$507,$A41)+SUMIFS(ASM_Harian!$AJ$8:$AJ$507,ASM_Harian!$A$8:$A$507,$B$4,ASM_Harian!$B$8:$B$507,$A41)) | M41: =IF($A41="","",IF(OR(F41<>1,H41=0),"n.a.",I41/H41)) -> n.a. | N41: =IF($A41="","",IF(G41<>"Dikirim","",IF(COUNTIFS(Sales_Harian!$A$8:$A$507,$B$4,Sales_Harian!$B$8:$B$507,$A41,Sales_Harian!$AB$8:$AB$507,"Disetujui")+COUNTIFS(SPV_Harian!$A$8:$A$507,$B$4,SPV_Harian!$B$8:$B$507,$A41,SPV_Harian!$AA$8:$AA$507,"Disetujui")+COUNTIFS(ASM_Harian!$A$8:$A$507,$B$4,ASM_Harian!$B$8:$B$507,$A41,ASM_Harian!$AA$8:$AA$507,"Disetujui")=1,IF(COUNTIFS(Sales_Harian!$A$8:$A$507,$B$4,Sales_Harian!$B$8:$B$507,$A41,Sales_Harian!$AM$8:$AM$507,"<>OK")+COUNTIFS(SPV_Harian!$A$8:$A$507,$B$4,SPV_Harian!$B$8:$B$507,$A41,SPV_Harian!$AL$8:$AL$507,"<>OK")+COUNTIFS(ASM_Harian!$A$8:$A$507,$B$4,ASM_Harian!$B$8:$B$507,$A41,ASM_Harian!$AL$8:$AL$507,"<>OK")>0,"Review belum valid","Disetujui"),IF(COUNTIFS(Sales_Harian!$A$8:$A$507,$B$4,Sales_Harian!$B$8:$B$507,$A41,Sales_Harian!$AB$8:$AB$507,"Perlu Perbaikan")+COUNTIFS(SPV_Harian!$A$8:$A$507,$B$4,SPV_Harian!$B$8:$B$507,$A41,SPV_Harian!$AA$8:$AA$507,"Perlu Perbaikan")+COUNTIFS(ASM_Harian!$A$8:$A$507,$B$4,ASM_Harian!$B$8:$B$507,$A41,ASM_Harian!$AA$8:$AA$507,"Perlu Perbaikan")=1,"Perlu Perbaikan","Belum Diperiksa")))) | O41: =IF($A41="","",IF(F41=0,"Belum ada laporan",IF(F41>1,"Hapus/benahi laporan ganda",IF(COUNTIFS(Sales_Harian!$A$8:$A$507,$B$4,Sales_Harian!$B$8:$B$507,$A41,Sales_Harian!$AM$8:$AM$507,"<>OK")+COUNTIFS(SPV_Harian!$A$8:$A$507,$B$4,SPV_Harian!$B$8:$B$507,$A41,SPV_Harian!$AL$8:$AL$507,"<>OK")+COUNTIFS(ASM_Harian!$A$8:$A$507,$B$4,ASM_Harian!$B$8:$B$507,$A41,ASM_Harian!$AL$8:$AL$507,"<>OK")>0,"Periksa validasi_data",IF(SUM(J41:K41)>0,"Ada kegiatan terbuka",IF(N41="Perlu Perbaikan","Tindak lanjuti review",IF(G41="Draft","Kirim laporan",IF(N41="Belum Diperiksa","Menunggu pemeriksaan","")))))))) -> Belum ada laporan
A42: =IF(AND(Master_PIC!A35<>"",Master_PIC!G35="Aktif",Master_PIC!C35<>"Manager"),Master_PIC!A35,"") -> Sales19 | B42: =IF($A42="","",IF(Master_PIC!B35="","",Master_PIC!B35)) -> Tomi Arif Bowo SBFI Bekasi | C42: =IF($A42="","",IF(Master_PIC!C35="","",Master_PIC!C35)) -> Sales | D42: =IF($A42="","",IF(Master_PIC!D35="","",Master_PIC!D35)) -> Bekasi | E42: =IF($A42="","",IF(Master_PIC!E35="","",Master_PIC!E35)) -> Barat | F42: =IF($A42="","",COUNTIFS(Sales_Harian!$A$8:$A$507,$B$4,Sales_Harian!$B$8:$B$507,$A42)+COUNTIFS(SPV_Harian!$A$8:$A$507,$B$4,SPV_Harian!$B$8:$B$507,$A42)+COUNTIFS(ASM_Harian!$A$8:$A$507,$B$4,ASM_Harian!$B$8:$B$507,$A42)) -> 0 | G42: =IF($A42="","",IF(F42=0,"Belum Lapor",IF(F42>1,"Data Ganda",IF(COUNTIFS(Sales_Harian!$A$8:$A$507,$B$4,Sales_Harian!$B$8:$B$507,$A42,Sales_Harian!$Z$8:$Z$507,"Dikirim")+COUNTIFS(SPV_Harian!$A$8:$A$507,$B$4,SPV_Harian!$B$8:$B$507,$A42,SPV_Harian!$Y$8:$Y$507,"Dikirim")+COUNTIFS(ASM_Harian!$A$8:$A$507,$B$4,ASM_Harian!$B$8:$B$507,$A42,ASM_Harian!$Y$8:$Y$507,"Dikirim")=1,"Dikirim","Draft")))) -> Belum Lapor | H42: =IF(OR($A42="",F42=0),"",SUMIFS(Sales_Harian!$AF$8:$AF$507,Sales_Harian!$A$8:$A$507,$B$4,Sales_Harian!$B$8:$B$507,$A42)+SUMIFS(SPV_Harian!$AE$8:$AE$507,SPV_Harian!$A$8:$A$507,$B$4,SPV_Harian!$B$8:$B$507,$A42)+SUMIFS(ASM_Harian!$AE$8:$AE$507,ASM_Harian!$A$8:$A$507,$B$4,ASM_Harian!$B$8:$B$507,$A42)) | I42: =IF(OR($A42="",F42=0),"",SUMIFS(Sales_Harian!$AG$8:$AG$507,Sales_Harian!$A$8:$A$507,$B$4,Sales_Harian!$B$8:$B$507,$A42)+SUMIFS(SPV_Harian!$AF$8:$AF$507,SPV_Harian!$A$8:$A$507,$B$4,SPV_Harian!$B$8:$B$507,$A42)+SUMIFS(ASM_Harian!$AF$8:$AF$507,ASM_Harian!$A$8:$A$507,$B$4,ASM_Harian!$B$8:$B$507,$A42)) | J42: =IF(OR($A42="",F42=0),"",SUMIFS(Sales_Harian!$AH$8:$AH$507,Sales_Harian!$A$8:$A$507,$B$4,Sales_Harian!$B$8:$B$507,$A42)+SUMIFS(SPV_Harian!$AG$8:$AG$507,SPV_Harian!$A$8:$A$507,$B$4,SPV_Harian!$B$8:$B$507,$A42)+SUMIFS(ASM_Harian!$AG$8:$AG$507,ASM_Harian!$A$8:$A$507,$B$4,ASM_Harian!$B$8:$B$507,$A42)) | K42: =IF(OR($A42="",F42=0),"",SUMIFS(Sales_Harian!$AI$8:$AI$507,Sales_Harian!$A$8:$A$507,$B$4,Sales_Harian!$B$8:$B$507,$A42)+SUMIFS(SPV_Harian!$AH$8:$AH$507,SPV_Harian!$A$8:$A$507,$B$4,SPV_Harian!$B$8:$B$507,$A42)+SUMIFS(ASM_Harian!$AH$8:$AH$507,ASM_Harian!$A$8:$A$507,$B$4,ASM_Harian!$B$8:$B$507,$A42)) | L42: =IF(OR($A42="",F42=0),"",SUMIFS(Sales_Harian!$AK$8:$AK$507,Sales_Harian!$A$8:$A$507,$B$4,Sales_Harian!$B$8:$B$507,$A42)+SUMIFS(SPV_Harian!$AJ$8:$AJ$507,SPV_Harian!$A$8:$A$507,$B$4,SPV_Harian!$B$8:$B$507,$A42)+SUMIFS(ASM_Harian!$AJ$8:$AJ$507,ASM_Harian!$A$8:$A$507,$B$4,ASM_Harian!$B$8:$B$507,$A42)) | M42: =IF($A42="","",IF(OR(F42<>1,H42=0),"n.a.",I42/H42)) -> n.a. | N42: =IF($A42="","",IF(G42<>"Dikirim","",IF(COUNTIFS(Sales_Harian!$A$8:$A$507,$B$4,Sales_Harian!$B$8:$B$507,$A42,Sales_Harian!$AB$8:$AB$507,"Disetujui")+COUNTIFS(SPV_Harian!$A$8:$A$507,$B$4,SPV_Harian!$B$8:$B$507,$A42,SPV_Harian!$AA$8:$AA$507,"Disetujui")+COUNTIFS(ASM_Harian!$A$8:$A$507,$B$4,ASM_Harian!$B$8:$B$507,$A42,ASM_Harian!$AA$8:$AA$507,"Disetujui")=1,IF(COUNTIFS(Sales_Harian!$A$8:$A$507,$B$4,Sales_Harian!$B$8:$B$507,$A42,Sales_Harian!$AM$8:$AM$507,"<>OK")+COUNTIFS(SPV_Harian!$A$8:$A$507,$B$4,SPV_Harian!$B$8:$B$507,$A42,SPV_Harian!$AL$8:$AL$507,"<>OK")+COUNTIFS(ASM_Harian!$A$8:$A$507,$B$4,ASM_Harian!$B$8:$B$507,$A42,ASM_Harian!$AL$8:$AL$507,"<>OK")>0,"Review belum valid","Disetujui"),IF(COUNTIFS(Sales_Harian!$A$8:$A$507,$B$4,Sales_Harian!$B$8:$B$507,$A42,Sales_Harian!$AB$8:$AB$507,"Perlu Perbaikan")+COUNTIFS(SPV_Harian!$A$8:$A$507,$B$4,SPV_Harian!$B$8:$B$507,$A42,SPV_Harian!$AA$8:$AA$507,"Perlu Perbaikan")+COUNTIFS(ASM_Harian!$A$8:$A$507,$B$4,ASM_Harian!$B$8:$B$507,$A42,ASM_Harian!$AA$8:$AA$507,"Perlu Perbaikan")=1,"Perlu Perbaikan","Belum Diperiksa")))) | O42: =IF($A42="","",IF(F42=0,"Belum ada laporan",IF(F42>1,"Hapus/benahi laporan ganda",IF(COUNTIFS(Sales_Harian!$A$8:$A$507,$B$4,Sales_Harian!$B$8:$B$507,$A42,Sales_Harian!$AM$8:$AM$507,"<>OK")+COUNTIFS(SPV_Harian!$A$8:$A$507,$B$4,SPV_Harian!$B$8:$B$507,$A42,SPV_Harian!$AL$8:$AL$507,"<>OK")+COUNTIFS(ASM_Harian!$A$8:$A$507,$B$4,ASM_Harian!$B$8:$B$507,$A42,ASM_Harian!$AL$8:$AL$507,"<>OK")>0,"Periksa validasi_data",IF(SUM(J42:K42)>0,"Ada kegiatan terbuka",IF(N42="Perlu Perbaikan","Tindak lanjuti review",IF(G42="Draft","Kirim laporan",IF(N42="Belum Diperiksa","Menunggu pemeriksaan","")))))))) -> Belum ada laporan
A43: =IF(AND(Master_PIC!A36<>"",Master_PIC!G36="Aktif",Master_PIC!C36<>"Manager"),Master_PIC!A36,"") -> Sales20 | B43: =IF($A43="","",IF(Master_PIC!B36="","",Master_PIC!B36)) -> Bonnie Bernardie | C43: =IF($A43="","",IF(Master_PIC!C36="","",Master_PIC!C36)) -> Sales | D43: =IF($A43="","",IF(Master_PIC!D36="","",Master_PIC!D36)) -> Bekasi | E43: =IF($A43="","",IF(Master_PIC!E36="","",Master_PIC!E36)) -> Barat | F43: =IF($A43="","",COUNTIFS(Sales_Harian!$A$8:$A$507,$B$4,Sales_Harian!$B$8:$B$507,$A43)+COUNTIFS(SPV_Harian!$A$8:$A$507,$B$4,SPV_Harian!$B$8:$B$507,$A43)+COUNTIFS(ASM_Harian!$A$8:$A$507,$B$4,ASM_Harian!$B$8:$B$507,$A43)) -> 0 | G43: =IF($A43="","",IF(F43=0,"Belum Lapor",IF(F43>1,"Data Ganda",IF(COUNTIFS(Sales_Harian!$A$8:$A$507,$B$4,Sales_Harian!$B$8:$B$507,$A43,Sales_Harian!$Z$8:$Z$507,"Dikirim")+COUNTIFS(SPV_Harian!$A$8:$A$507,$B$4,SPV_Harian!$B$8:$B$507,$A43,SPV_Harian!$Y$8:$Y$507,"Dikirim")+COUNTIFS(ASM_Harian!$A$8:$A$507,$B$4,ASM_Harian!$B$8:$B$507,$A43,ASM_Harian!$Y$8:$Y$507,"Dikirim")=1,"Dikirim","Draft")))) -> Belum Lapor | H43: =IF(OR($A43="",F43=0),"",SUMIFS(Sales_Harian!$AF$8:$AF$507,Sales_Harian!$A$8:$A$507,$B$4,Sales_Harian!$B$8:$B$507,$A43)+SUMIFS(SPV_Harian!$AE$8:$AE$507,SPV_Harian!$A$8:$A$507,$B$4,SPV_Harian!$B$8:$B$507,$A43)+SUMIFS(ASM_Harian!$AE$8:$AE$507,ASM_Harian!$A$8:$A$507,$B$4,ASM_Harian!$B$8:$B$507,$A43)) | I43: =IF(OR($A43="",F43=0),"",SUMIFS(Sales_Harian!$AG$8:$AG$507,Sales_Harian!$A$8:$A$507,$B$4,Sales_Harian!$B$8:$B$507,$A43)+SUMIFS(SPV_Harian!$AF$8:$AF$507,SPV_Harian!$A$8:$A$507,$B$4,SPV_Harian!$B$8:$B$507,$A43)+SUMIFS(ASM_Harian!$AF$8:$AF$507,ASM_Harian!$A$8:$A$507,$B$4,ASM_Harian!$B$8:$B$507,$A43)) | J43: =IF(OR($A43="",F43=0),"",SUMIFS(Sales_Harian!$AH$8:$AH$507,Sales_Harian!$A$8:$A$507,$B$4,Sales_Harian!$B$8:$B$507,$A43)+SUMIFS(SPV_Harian!$AG$8:$AG$507,SPV_Harian!$A$8:$A$507,$B$4,SPV_Harian!$B$8:$B$507,$A43)+SUMIFS(ASM_Harian!$AG$8:$AG$507,ASM_Harian!$A$8:$A$507,$B$4,ASM_Harian!$B$8:$B$507,$A43)) | K43: =IF(OR($A43="",F43=0),"",SUMIFS(Sales_Harian!$AI$8:$AI$507,Sales_Harian!$A$8:$A$507,$B$4,Sales_Harian!$B$8:$B$507,$A43)+SUMIFS(SPV_Harian!$AH$8:$AH$507,SPV_Harian!$A$8:$A$507,$B$4,SPV_Harian!$B$8:$B$507,$A43)+SUMIFS(ASM_Harian!$AH$8:$AH$507,ASM_Harian!$A$8:$A$507,$B$4,ASM_Harian!$B$8:$B$507,$A43)) | L43: =IF(OR($A43="",F43=0),"",SUMIFS(Sales_Harian!$AK$8:$AK$507,Sales_Harian!$A$8:$A$507,$B$4,Sales_Harian!$B$8:$B$507,$A43)+SUMIFS(SPV_Harian!$AJ$8:$AJ$507,SPV_Harian!$A$8:$A$507,$B$4,SPV_Harian!$B$8:$B$507,$A43)+SUMIFS(ASM_Harian!$AJ$8:$AJ$507,ASM_Harian!$A$8:$A$507,$B$4,ASM_Harian!$B$8:$B$507,$A43)) | M43: =IF($A43="","",IF(OR(F43<>1,H43=0),"n.a.",I43/H43)) -> n.a. | N43: =IF($A43="","",IF(G43<>"Dikirim","",IF(COUNTIFS(Sales_Harian!$A$8:$A$507,$B$4,Sales_Harian!$B$8:$B$507,$A43,Sales_Harian!$AB$8:$AB$507,"Disetujui")+COUNTIFS(SPV_Harian!$A$8:$A$507,$B$4,SPV_Harian!$B$8:$B$507,$A43,SPV_Harian!$AA$8:$AA$507,"Disetujui")+COUNTIFS(ASM_Harian!$A$8:$A$507,$B$4,ASM_Harian!$B$8:$B$507,$A43,ASM_Harian!$AA$8:$AA$507,"Disetujui")=1,IF(COUNTIFS(Sales_Harian!$A$8:$A$507,$B$4,Sales_Harian!$B$8:$B$507,$A43,Sales_Harian!$AM$8:$AM$507,"<>OK")+COUNTIFS(SPV_Harian!$A$8:$A$507,$B$4,SPV_Harian!$B$8:$B$507,$A43,SPV_Harian!$AL$8:$AL$507,"<>OK")+COUNTIFS(ASM_Harian!$A$8:$A$507,$B$4,ASM_Harian!$B$8:$B$507,$A43,ASM_Harian!$AL$8:$AL$507,"<>OK")>0,"Review belum valid","Disetujui"),IF(COUNTIFS(Sales_Harian!$A$8:$A$507,$B$4,Sales_Harian!$B$8:$B$507,$A43,Sales_Harian!$AB$8:$AB$507,"Perlu Perbaikan")+COUNTIFS(SPV_Harian!$A$8:$A$507,$B$4,SPV_Harian!$B$8:$B$507,$A43,SPV_Harian!$AA$8:$AA$507,"Perlu Perbaikan")+COUNTIFS(ASM_Harian!$A$8:$A$507,$B$4,ASM_Harian!$B$8:$B$507,$A43,ASM_Harian!$AA$8:$AA$507,"Perlu Perbaikan")=1,"Perlu Perbaikan","Belum Diperiksa")))) | O43: =IF($A43="","",IF(F43=0,"Belum ada laporan",IF(F43>1,"Hapus/benahi laporan ganda",IF(COUNTIFS(Sales_Harian!$A$8:$A$507,$B$4,Sales_Harian!$B$8:$B$507,$A43,Sales_Harian!$AM$8:$AM$507,"<>OK")+COUNTIFS(SPV_Harian!$A$8:$A$507,$B$4,SPV_Harian!$B$8:$B$507,$A43,SPV_Harian!$AL$8:$AL$507,"<>OK")+COUNTIFS(ASM_Harian!$A$8:$A$507,$B$4,ASM_Harian!$B$8:$B$507,$A43,ASM_Harian!$AL$8:$AL$507,"<>OK")>0,"Periksa validasi_data",IF(SUM(J43:K43)>0,"Ada kegiatan terbuka",IF(N43="Perlu Perbaikan","Tindak lanjuti review",IF(G43="Draft","Kirim laporan",IF(N43="Belum Diperiksa","Menunggu pemeriksaan","")))))))) -> Belum ada laporan
A44: =IF(AND(Master_PIC!A37<>"",Master_PIC!G37="Aktif",Master_PIC!C37<>"Manager"),Master_PIC!A37,"") -> Sales21 | B44: =IF($A44="","",IF(Master_PIC!B37="","",Master_PIC!B37)) -> Apid Hapidin | C44: =IF($A44="","",IF(Master_PIC!C37="","",Master_PIC!C37)) -> Sales | D44: =IF($A44="","",IF(Master_PIC!D37="","",Master_PIC!D37)) -> Bekasi | E44: =IF($A44="","",IF(Master_PIC!E37="","",Master_PIC!E37)) -> Barat | F44: =IF($A44="","",COUNTIFS(Sales_Harian!$A$8:$A$507,$B$4,Sales_Harian!$B$8:$B$507,$A44)+COUNTIFS(SPV_Harian!$A$8:$A$507,$B$4,SPV_Harian!$B$8:$B$507,$A44)+COUNTIFS(ASM_Harian!$A$8:$A$507,$B$4,ASM_Harian!$B$8:$B$507,$A44)) -> 0 | G44: =IF($A44="","",IF(F44=0,"Belum Lapor",IF(F44>1,"Data Ganda",IF(COUNTIFS(Sales_Harian!$A$8:$A$507,$B$4,Sales_Harian!$B$8:$B$507,$A44,Sales_Harian!$Z$8:$Z$507,"Dikirim")+COUNTIFS(SPV_Harian!$A$8:$A$507,$B$4,SPV_Harian!$B$8:$B$507,$A44,SPV_Harian!$Y$8:$Y$507,"Dikirim")+COUNTIFS(ASM_Harian!$A$8:$A$507,$B$4,ASM_Harian!$B$8:$B$507,$A44,ASM_Harian!$Y$8:$Y$507,"Dikirim")=1,"Dikirim","Draft")))) -> Belum Lapor | H44: =IF(OR($A44="",F44=0),"",SUMIFS(Sales_Harian!$AF$8:$AF$507,Sales_Harian!$A$8:$A$507,$B$4,Sales_Harian!$B$8:$B$507,$A44)+SUMIFS(SPV_Harian!$AE$8:$AE$507,SPV_Harian!$A$8:$A$507,$B$4,SPV_Harian!$B$8:$B$507,$A44)+SUMIFS(ASM_Harian!$AE$8:$AE$507,ASM_Harian!$A$8:$A$507,$B$4,ASM_Harian!$B$8:$B$507,$A44)) | I44: =IF(OR($A44="",F44=0),"",SUMIFS(Sales_Harian!$AG$8:$AG$507,Sales_Harian!$A$8:$A$507,$B$4,Sales_Harian!$B$8:$B$507,$A44)+SUMIFS(SPV_Harian!$AF$8:$AF$507,SPV_Harian!$A$8:$A$507,$B$4,SPV_Harian!$B$8:$B$507,$A44)+SUMIFS(ASM_Harian!$AF$8:$AF$507,ASM_Harian!$A$8:$A$507,$B$4,ASM_Harian!$B$8:$B$507,$A44)) | J44: =IF(OR($A44="",F44=0),"",SUMIFS(Sales_Harian!$AH$8:$AH$507,Sales_Harian!$A$8:$A$507,$B$4,Sales_Harian!$B$8:$B$507,$A44)+SUMIFS(SPV_Harian!$AG$8:$AG$507,SPV_Harian!$A$8:$A$507,$B$4,SPV_Harian!$B$8:$B$507,$A44)+SUMIFS(ASM_Harian!$AG$8:$AG$507,ASM_Harian!$A$8:$A$507,$B$4,ASM_Harian!$B$8:$B$507,$A44)) | K44: =IF(OR($A44="",F44=0),"",SUMIFS(Sales_Harian!$AI$8:$AI$507,Sales_Harian!$A$8:$A$507,$B$4,Sales_Harian!$B$8:$B$507,$A44)+SUMIFS(SPV_Harian!$AH$8:$AH$507,SPV_Harian!$A$8:$A$507,$B$4,SPV_Harian!$B$8:$B$507,$A44)+SUMIFS(ASM_Harian!$AH$8:$AH$507,ASM_Harian!$A$8:$A$507,$B$4,ASM_Harian!$B$8:$B$507,$A44)) | L44: =IF(OR($A44="",F44=0),"",SUMIFS(Sales_Harian!$AK$8:$AK$507,Sales_Harian!$A$8:$A$507,$B$4,Sales_Harian!$B$8:$B$507,$A44)+SUMIFS(SPV_Harian!$AJ$8:$AJ$507,SPV_Harian!$A$8:$A$507,$B$4,SPV_Harian!$B$8:$B$507,$A44)+SUMIFS(ASM_Harian!$AJ$8:$AJ$507,ASM_Harian!$A$8:$A$507,$B$4,ASM_Harian!$B$8:$B$507,$A44)) | M44: =IF($A44="","",IF(OR(F44<>1,H44=0),"n.a.",I44/H44)) -> n.a. | N44: =IF($A44="","",IF(G44<>"Dikirim","",IF(COUNTIFS(Sales_Harian!$A$8:$A$507,$B$4,Sales_Harian!$B$8:$B$507,$A44,Sales_Harian!$AB$8:$AB$507,"Disetujui")+COUNTIFS(SPV_Harian!$A$8:$A$507,$B$4,SPV_Harian!$B$8:$B$507,$A44,SPV_Harian!$AA$8:$AA$507,"Disetujui")+COUNTIFS(ASM_Harian!$A$8:$A$507,$B$4,ASM_Harian!$B$8:$B$507,$A44,ASM_Harian!$AA$8:$AA$507,"Disetujui")=1,IF(COUNTIFS(Sales_Harian!$A$8:$A$507,$B$4,Sales_Harian!$B$8:$B$507,$A44,Sales_Harian!$AM$8:$AM$507,"<>OK")+COUNTIFS(SPV_Harian!$A$8:$A$507,$B$4,SPV_Harian!$B$8:$B$507,$A44,SPV_Harian!$AL$8:$AL$507,"<>OK")+COUNTIFS(ASM_Harian!$A$8:$A$507,$B$4,ASM_Harian!$B$8:$B$507,$A44,ASM_Harian!$AL$8:$AL$507,"<>OK")>0,"Review belum valid","Disetujui"),IF(COUNTIFS(Sales_Harian!$A$8:$A$507,$B$4,Sales_Harian!$B$8:$B$507,$A44,Sales_Harian!$AB$8:$AB$507,"Perlu Perbaikan")+COUNTIFS(SPV_Harian!$A$8:$A$507,$B$4,SPV_Harian!$B$8:$B$507,$A44,SPV_Harian!$AA$8:$AA$507,"Perlu Perbaikan")+COUNTIFS(ASM_Harian!$A$8:$A$507,$B$4,ASM_Harian!$B$8:$B$507,$A44,ASM_Harian!$AA$8:$AA$507,"Perlu Perbaikan")=1,"Perlu Perbaikan","Belum Diperiksa")))) | O44: =IF($A44="","",IF(F44=0,"Belum ada laporan",IF(F44>1,"Hapus/benahi laporan ganda",IF(COUNTIFS(Sales_Harian!$A$8:$A$507,$B$4,Sales_Harian!$B$8:$B$507,$A44,Sales_Harian!$AM$8:$AM$507,"<>OK")+COUNTIFS(SPV_Harian!$A$8:$A$507,$B$4,SPV_Harian!$B$8:$B$507,$A44,SPV_Harian!$AL$8:$AL$507,"<>OK")+COUNTIFS(ASM_Harian!$A$8:$A$507,$B$4,ASM_Harian!$B$8:$B$507,$A44,ASM_Harian!$AL$8:$AL$507,"<>OK")>0,"Periksa validasi_data",IF(SUM(J44:K44)>0,"Ada kegiatan terbuka",IF(N44="Perlu Perbaikan","Tindak lanjuti review",IF(G44="Draft","Kirim laporan",IF(N44="Belum Diperiksa","Menunggu pemeriksaan","")))))))) -> Belum ada laporan
A45: =IF(AND(Master_PIC!A39<>"",Master_PIC!G39="Aktif",Master_PIC!C39<>"Manager"),Master_PIC!A39,"") -> Sales22 | B45: =IF($A45="","",IF(Master_PIC!B39="","",Master_PIC!B39)) -> Heru Triyatna | C45: =IF($A45="","",IF(Master_PIC!C39="","",Master_PIC!C39)) -> Sales | D45: =IF($A45="","",IF(Master_PIC!D39="","",Master_PIC!D39)) -> Purwasuka | E45: =IF($A45="","",IF(Master_PIC!E39="","",Master_PIC!E39)) -> Barat | F45: =IF($A45="","",COUNTIFS(Sales_Harian!$A$8:$A$507,$B$4,Sales_Harian!$B$8:$B$507,$A45)+COUNTIFS(SPV_Harian!$A$8:$A$507,$B$4,SPV_Harian!$B$8:$B$507,$A45)+COUNTIFS(ASM_Harian!$A$8:$A$507,$B$4,ASM_Harian!$B$8:$B$507,$A45)) -> 0 | G45: =IF($A45="","",IF(F45=0,"Belum Lapor",IF(F45>1,"Data Ganda",IF(COUNTIFS(Sales_Harian!$A$8:$A$507,$B$4,Sales_Harian!$B$8:$B$507,$A45,Sales_Harian!$Z$8:$Z$507,"Dikirim")+COUNTIFS(SPV_Harian!$A$8:$A$507,$B$4,SPV_Harian!$B$8:$B$507,$A45,SPV_Harian!$Y$8:$Y$507,"Dikirim")+COUNTIFS(ASM_Harian!$A$8:$A$507,$B$4,ASM_Harian!$B$8:$B$507,$A45,ASM_Harian!$Y$8:$Y$507,"Dikirim")=1,"Dikirim","Draft")))) -> Belum Lapor | H45: =IF(OR($A45="",F45=0),"",SUMIFS(Sales_Harian!$AF$8:$AF$507,Sales_Harian!$A$8:$A$507,$B$4,Sales_Harian!$B$8:$B$507,$A45)+SUMIFS(SPV_Harian!$AE$8:$AE$507,SPV_Harian!$A$8:$A$507,$B$4,SPV_Harian!$B$8:$B$507,$A45)+SUMIFS(ASM_Harian!$AE$8:$AE$507,ASM_Harian!$A$8:$A$507,$B$4,ASM_Harian!$B$8:$B$507,$A45)) | I45: =IF(OR($A45="",F45=0),"",SUMIFS(Sales_Harian!$AG$8:$AG$507,Sales_Harian!$A$8:$A$507,$B$4,Sales_Harian!$B$8:$B$507,$A45)+SUMIFS(SPV_Harian!$AF$8:$AF$507,SPV_Harian!$A$8:$A$507,$B$4,SPV_Harian!$B$8:$B$507,$A45)+SUMIFS(ASM_Harian!$AF$8:$AF$507,ASM_Harian!$A$8:$A$507,$B$4,ASM_Harian!$B$8:$B$507,$A45)) | J45: =IF(OR($A45="",F45=0),"",SUMIFS(Sales_Harian!$AH$8:$AH$507,Sales_Harian!$A$8:$A$507,$B$4,Sales_Harian!$B$8:$B$507,$A45)+SUMIFS(SPV_Harian!$AG$8:$AG$507,SPV_Harian!$A$8:$A$507,$B$4,SPV_Harian!$B$8:$B$507,$A45)+SUMIFS(ASM_Harian!$AG$8:$AG$507,ASM_Harian!$A$8:$A$507,$B$4,ASM_Harian!$B$8:$B$507,$A45)) | K45: =IF(OR($A45="",F45=0),"",SUMIFS(Sales_Harian!$AI$8:$AI$507,Sales_Harian!$A$8:$A$507,$B$4,Sales_Harian!$B$8:$B$507,$A45)+SUMIFS(SPV_Harian!$AH$8:$AH$507,SPV_Harian!$A$8:$A$507,$B$4,SPV_Harian!$B$8:$B$507,$A45)+SUMIFS(ASM_Harian!$AH$8:$AH$507,ASM_Harian!$A$8:$A$507,$B$4,ASM_Harian!$B$8:$B$507,$A45)) | L45: =IF(OR($A45="",F45=0),"",SUMIFS(Sales_Harian!$AK$8:$AK$507,Sales_Harian!$A$8:$A$507,$B$4,Sales_Harian!$B$8:$B$507,$A45)+SUMIFS(SPV_Harian!$AJ$8:$AJ$507,SPV_Harian!$A$8:$A$507,$B$4,SPV_Harian!$B$8:$B$507,$A45)+SUMIFS(ASM_Harian!$AJ$8:$AJ$507,ASM_Harian!$A$8:$A$507,$B$4,ASM_Harian!$B$8:$B$507,$A45)) | M45: =IF($A45="","",IF(OR(F45<>1,H45=0),"n.a.",I45/H45)) -> n.a. | N45: =IF($A45="","",IF(G45<>"Dikirim","",IF(COUNTIFS(Sales_Harian!$A$8:$A$507,$B$4,Sales_Harian!$B$8:$B$507,$A45,Sales_Harian!$AB$8:$AB$507,"Disetujui")+COUNTIFS(SPV_Harian!$A$8:$A$507,$B$4,SPV_Harian!$B$8:$B$507,$A45,SPV_Harian!$AA$8:$AA$507,"Disetujui")+COUNTIFS(ASM_Harian!$A$8:$A$507,$B$4,ASM_Harian!$B$8:$B$507,$A45,ASM_Harian!$AA$8:$AA$507,"Disetujui")=1,IF(COUNTIFS(Sales_Harian!$A$8:$A$507,$B$4,Sales_Harian!$B$8:$B$507,$A45,Sales_Harian!$AM$8:$AM$507,"<>OK")+COUNTIFS(SPV_Harian!$A$8:$A$507,$B$4,SPV_Harian!$B$8:$B$507,$A45,SPV_Harian!$AL$8:$AL$507,"<>OK")+COUNTIFS(ASM_Harian!$A$8:$A$507,$B$4,ASM_Harian!$B$8:$B$507,$A45,ASM_Harian!$AL$8:$AL$507,"<>OK")>0,"Review belum valid","Disetujui"),IF(COUNTIFS(Sales_Harian!$A$8:$A$507,$B$4,Sales_Harian!$B$8:$B$507,$A45,Sales_Harian!$AB$8:$AB$507,"Perlu Perbaikan")+COUNTIFS(SPV_Harian!$A$8:$A$507,$B$4,SPV_Harian!$B$8:$B$507,$A45,SPV_Harian!$AA$8:$AA$507,"Perlu Perbaikan")+COUNTIFS(ASM_Harian!$A$8:$A$507,$B$4,ASM_Harian!$B$8:$B$507,$A45,ASM_Harian!$AA$8:$AA$507,"Perlu Perbaikan")=1,"Perlu Perbaikan","Belum Diperiksa")))) | O45: =IF($A45="","",IF(F45=0,"Belum ada laporan",IF(F45>1,"Hapus/benahi laporan ganda",IF(COUNTIFS(Sales_Harian!$A$8:$A$507,$B$4,Sales_Harian!$B$8:$B$507,$A45,Sales_Harian!$AM$8:$AM$507,"<>OK")+COUNTIFS(SPV_Harian!$A$8:$A$507,$B$4,SPV_Harian!$B$8:$B$507,$A45,SPV_Harian!$AL$8:$AL$507,"<>OK")+COUNTIFS(ASM_Harian!$A$8:$A$507,$B$4,ASM_Harian!$B$8:$B$507,$A45,ASM_Harian!$AL$8:$AL$507,"<>OK")>0,"Periksa validasi_data",IF(SUM(J45:K45)>0,"Ada kegiatan terbuka",IF(N45="Perlu Perbaikan","Tindak lanjuti review",IF(G45="Draft","Kirim laporan",IF(N45="Belum Diperiksa","Menunggu pemeriksaan","")))))))) -> Belum ada laporan
A46: =IF(AND(Master_PIC!A40<>"",Master_PIC!G40="Aktif",Master_PIC!C40<>"Manager"),Master_PIC!A40,"") -> Sales23 | B46: =IF($A46="","",IF(Master_PIC!B40="","",Master_PIC!B40)) -> M. Sahit | C46: =IF($A46="","",IF(Master_PIC!C40="","",Master_PIC!C40)) -> Sales | D46: =IF($A46="","",IF(Master_PIC!D40="","",Master_PIC!D40)) -> Purwasuka | E46: =IF($A46="","",IF(Master_PIC!E40="","",Master_PIC!E40)) -> Barat | F46: =IF($A46="","",COUNTIFS(Sales_Harian!$A$8:$A$507,$B$4,Sales_Harian!$B$8:$B$507,$A46)+COUNTIFS(SPV_Harian!$A$8:$A$507,$B$4,SPV_Harian!$B$8:$B$507,$A46)+COUNTIFS(ASM_Harian!$A$8:$A$507,$B$4,ASM_Harian!$B$8:$B$507,$A46)) -> 0 | G46: =IF($A46="","",IF(F46=0,"Belum Lapor",IF(F46>1,"Data Ganda",IF(COUNTIFS(Sales_Harian!$A$8:$A$507,$B$4,Sales_Harian!$B$8:$B$507,$A46,Sales_Harian!$Z$8:$Z$507,"Dikirim")+COUNTIFS(SPV_Harian!$A$8:$A$507,$B$4,SPV_Harian!$B$8:$B$507,$A46,SPV_Harian!$Y$8:$Y$507,"Dikirim")+COUNTIFS(ASM_Harian!$A$8:$A$507,$B$4,ASM_Harian!$B$8:$B$507,$A46,ASM_Harian!$Y$8:$Y$507,"Dikirim")=1,"Dikirim","Draft")))) -> Belum Lapor | H46: =IF(OR($A46="",F46=0),"",SUMIFS(Sales_Harian!$AF$8:$AF$507,Sales_Harian!$A$8:$A$507,$B$4,Sales_Harian!$B$8:$B$507,$A46)+SUMIFS(SPV_Harian!$AE$8:$AE$507,SPV_Harian!$A$8:$A$507,$B$4,SPV_Harian!$B$8:$B$507,$A46)+SUMIFS(ASM_Harian!$AE$8:$AE$507,ASM_Harian!$A$8:$A$507,$B$4,ASM_Harian!$B$8:$B$507,$A46)) | I46: =IF(OR($A46="",F46=0),"",SUMIFS(Sales_Harian!$AG$8:$AG$507,Sales_Harian!$A$8:$A$507,$B$4,Sales_Harian!$B$8:$B$507,$A46)+SUMIFS(SPV_Harian!$AF$8:$AF$507,SPV_Harian!$A$8:$A$507,$B$4,SPV_Harian!$B$8:$B$507,$A46)+SUMIFS(ASM_Harian!$AF$8:$AF$507,ASM_Harian!$A$8:$A$507,$B$4,ASM_Harian!$B$8:$B$507,$A46)) | J46: =IF(OR($A46="",F46=0),"",SUMIFS(Sales_Harian!$AH$8:$AH$507,Sales_Harian!$A$8:$A$507,$B$4,Sales_Harian!$B$8:$B$507,$A46)+SUMIFS(SPV_Harian!$AG$8:$AG$507,SPV_Harian!$A$8:$A$507,$B$4,SPV_Harian!$B$8:$B$507,$A46)+SUMIFS(ASM_Harian!$AG$8:$AG$507,ASM_Harian!$A$8:$A$507,$B$4,ASM_Harian!$B$8:$B$507,$A46)) | K46: =IF(OR($A46="",F46=0),"",SUMIFS(Sales_Harian!$AI$8:$AI$507,Sales_Harian!$A$8:$A$507,$B$4,Sales_Harian!$B$8:$B$507,$A46)+SUMIFS(SPV_Harian!$AH$8:$AH$507,SPV_Harian!$A$8:$A$507,$B$4,SPV_Harian!$B$8:$B$507,$A46)+SUMIFS(ASM_Harian!$AH$8:$AH$507,ASM_Harian!$A$8:$A$507,$B$4,ASM_Harian!$B$8:$B$507,$A46)) | L46: =IF(OR($A46="",F46=0),"",SUMIFS(Sales_Harian!$AK$8:$AK$507,Sales_Harian!$A$8:$A$507,$B$4,Sales_Harian!$B$8:$B$507,$A46)+SUMIFS(SPV_Harian!$AJ$8:$AJ$507,SPV_Harian!$A$8:$A$507,$B$4,SPV_Harian!$B$8:$B$507,$A46)+SUMIFS(ASM_Harian!$AJ$8:$AJ$507,ASM_Harian!$A$8:$A$507,$B$4,ASM_Harian!$B$8:$B$507,$A46)) | M46: =IF($A46="","",IF(OR(F46<>1,H46=0),"n.a.",I46/H46)) -> n.a. | N46: =IF($A46="","",IF(G46<>"Dikirim","",IF(COUNTIFS(Sales_Harian!$A$8:$A$507,$B$4,Sales_Harian!$B$8:$B$507,$A46,Sales_Harian!$AB$8:$AB$507,"Disetujui")+COUNTIFS(SPV_Harian!$A$8:$A$507,$B$4,SPV_Harian!$B$8:$B$507,$A46,SPV_Harian!$AA$8:$AA$507,"Disetujui")+COUNTIFS(ASM_Harian!$A$8:$A$507,$B$4,ASM_Harian!$B$8:$B$507,$A46,ASM_Harian!$AA$8:$AA$507,"Disetujui")=1,IF(COUNTIFS(Sales_Harian!$A$8:$A$507,$B$4,Sales_Harian!$B$8:$B$507,$A46,Sales_Harian!$AM$8:$AM$507,"<>OK")+COUNTIFS(SPV_Harian!$A$8:$A$507,$B$4,SPV_Harian!$B$8:$B$507,$A46,SPV_Harian!$AL$8:$AL$507,"<>OK")+COUNTIFS(ASM_Harian!$A$8:$A$507,$B$4,ASM_Harian!$B$8:$B$507,$A46,ASM_Harian!$AL$8:$AL$507,"<>OK")>0,"Review belum valid","Disetujui"),IF(COUNTIFS(Sales_Harian!$A$8:$A$507,$B$4,Sales_Harian!$B$8:$B$507,$A46,Sales_Harian!$AB$8:$AB$507,"Perlu Perbaikan")+COUNTIFS(SPV_Harian!$A$8:$A$507,$B$4,SPV_Harian!$B$8:$B$507,$A46,SPV_Harian!$AA$8:$AA$507,"Perlu Perbaikan")+COUNTIFS(ASM_Harian!$A$8:$A$507,$B$4,ASM_Harian!$B$8:$B$507,$A46,ASM_Harian!$AA$8:$AA$507,"Perlu Perbaikan")=1,"Perlu Perbaikan","Belum Diperiksa")))) | O46: =IF($A46="","",IF(F46=0,"Belum ada laporan",IF(F46>1,"Hapus/benahi laporan ganda",IF(COUNTIFS(Sales_Harian!$A$8:$A$507,$B$4,Sales_Harian!$B$8:$B$507,$A46,Sales_Harian!$AM$8:$AM$507,"<>OK")+COUNTIFS(SPV_Harian!$A$8:$A$507,$B$4,SPV_Harian!$B$8:$B$507,$A46,SPV_Harian!$AL$8:$AL$507,"<>OK")+COUNTIFS(ASM_Harian!$A$8:$A$507,$B$4,ASM_Harian!$B$8:$B$507,$A46,ASM_Harian!$AL$8:$AL$507,"<>OK")>0,"Periksa validasi_data",IF(SUM(J46:K46)>0,"Ada kegiatan terbuka",IF(N46="Perlu Perbaikan","Tindak lanjuti review",IF(G46="Draft","Kirim laporan",IF(N46="Belum Diperiksa","Menunggu pemeriksaan","")))))))) -> Belum ada laporan
A47: =IF(AND(Master_PIC!A41<>"",Master_PIC!G41="Aktif",Master_PIC!C41<>"Manager"),Master_PIC!A41,"") -> Sales24 | B47: =IF($A47="","",IF(Master_PIC!B41="","",Master_PIC!B41)) -> Yandhi Rizki Ismail | C47: =IF($A47="","",IF(Master_PIC!C41="","",Master_PIC!C41)) -> Sales | D47: =IF($A47="","",IF(Master_PIC!D41="","",Master_PIC!D41)) -> Tangerang | E47: =IF($A47="","",IF(Master_PIC!E41="","",Master_PIC!E41)) -> Barat | F47: =IF($A47="","",COUNTIFS(Sales_Harian!$A$8:$A$507,$B$4,Sales_Harian!$B$8:$B$507,$A47)+COUNTIFS(SPV_Harian!$A$8:$A$507,$B$4,SPV_Harian!$B$8:$B$507,$A47)+COUNTIFS(ASM_Harian!$A$8:$A$507,$B$4,ASM_Harian!$B$8:$B$507,$A47)) -> 0 | G47: =IF($A47="","",IF(F47=0,"Belum Lapor",IF(F47>1,"Data Ganda",IF(COUNTIFS(Sales_Harian!$A$8:$A$507,$B$4,Sales_Harian!$B$8:$B$507,$A47,Sales_Harian!$Z$8:$Z$507,"Dikirim")+COUNTIFS(SPV_Harian!$A$8:$A$507,$B$4,SPV_Harian!$B$8:$B$507,$A47,SPV_Harian!$Y$8:$Y$507,"Dikirim")+COUNTIFS(ASM_Harian!$A$8:$A$507,$B$4,ASM_Harian!$B$8:$B$507,$A47,ASM_Harian!$Y$8:$Y$507,"Dikirim")=1,"Dikirim","Draft")))) -> Belum Lapor | H47: =IF(OR($A47="",F47=0),"",SUMIFS(Sales_Harian!$AF$8:$AF$507,Sales_Harian!$A$8:$A$507,$B$4,Sales_Harian!$B$8:$B$507,$A47)+SUMIFS(SPV_Harian!$AE$8:$AE$507,SPV_Harian!$A$8:$A$507,$B$4,SPV_Harian!$B$8:$B$507,$A47)+SUMIFS(ASM_Harian!$AE$8:$AE$507,ASM_Harian!$A$8:$A$507,$B$4,ASM_Harian!$B$8:$B$507,$A47)) | I47: =IF(OR($A47="",F47=0),"",SUMIFS(Sales_Harian!$AG$8:$AG$507,Sales_Harian!$A$8:$A$507,$B$4,Sales_Harian!$B$8:$B$507,$A47)+SUMIFS(SPV_Harian!$AF$8:$AF$507,SPV_Harian!$A$8:$A$507,$B$4,SPV_Harian!$B$8:$B$507,$A47)+SUMIFS(ASM_Harian!$AF$8:$AF$507,ASM_Harian!$A$8:$A$507,$B$4,ASM_Harian!$B$8:$B$507,$A47)) | J47: =IF(OR($A47="",F47=0),"",SUMIFS(Sales_Harian!$AH$8:$AH$507,Sales_Harian!$A$8:$A$507,$B$4,Sales_Harian!$B$8:$B$507,$A47)+SUMIFS(SPV_Harian!$AG$8:$AG$507,SPV_Harian!$A$8:$A$507,$B$4,SPV_Harian!$B$8:$B$507,$A47)+SUMIFS(ASM_Harian!$AG$8:$AG$507,ASM_Harian!$A$8:$A$507,$B$4,ASM_Harian!$B$8:$B$507,$A47)) | K47: =IF(OR($A47="",F47=0),"",SUMIFS(Sales_Harian!$AI$8:$AI$507,Sales_Harian!$A$8:$A$507,$B$4,Sales_Harian!$B$8:$B$507,$A47)+SUMIFS(SPV_Harian!$AH$8:$AH$507,SPV_Harian!$A$8:$A$507,$B$4,SPV_Harian!$B$8:$B$507,$A47)+SUMIFS(ASM_Harian!$AH$8:$AH$507,ASM_Harian!$A$8:$A$507,$B$4,ASM_Harian!$B$8:$B$507,$A47)) | L47: =IF(OR($A47="",F47=0),"",SUMIFS(Sales_Harian!$AK$8:$AK$507,Sales_Harian!$A$8:$A$507,$B$4,Sales_Harian!$B$8:$B$507,$A47)+SUMIFS(SPV_Harian!$AJ$8:$AJ$507,SPV_Harian!$A$8:$A$507,$B$4,SPV_Harian!$B$8:$B$507,$A47)+SUMIFS(ASM_Harian!$AJ$8:$AJ$507,ASM_Harian!$A$8:$A$507,$B$4,ASM_Harian!$B$8:$B$507,$A47)) | M47: =IF($A47="","",IF(OR(F47<>1,H47=0),"n.a.",I47/H47)) -> n.a. | N47: =IF($A47="","",IF(G47<>"Dikirim","",IF(COUNTIFS(Sales_Harian!$A$8:$A$507,$B$4,Sales_Harian!$B$8:$B$507,$A47,Sales_Harian!$AB$8:$AB$507,"Disetujui")+COUNTIFS(SPV_Harian!$A$8:$A$507,$B$4,SPV_Harian!$B$8:$B$507,$A47,SPV_Harian!$AA$8:$AA$507,"Disetujui")+COUNTIFS(ASM_Harian!$A$8:$A$507,$B$4,ASM_Harian!$B$8:$B$507,$A47,ASM_Harian!$AA$8:$AA$507,"Disetujui")=1,IF(COUNTIFS(Sales_Harian!$A$8:$A$507,$B$4,Sales_Harian!$B$8:$B$507,$A47,Sales_Harian!$AM$8:$AM$507,"<>OK")+COUNTIFS(SPV_Harian!$A$8:$A$507,$B$4,SPV_Harian!$B$8:$B$507,$A47,SPV_Harian!$AL$8:$AL$507,"<>OK")+COUNTIFS(ASM_Harian!$A$8:$A$507,$B$4,ASM_Harian!$B$8:$B$507,$A47,ASM_Harian!$AL$8:$AL$507,"<>OK")>0,"Review belum valid","Disetujui"),IF(COUNTIFS(Sales_Harian!$A$8:$A$507,$B$4,Sales_Harian!$B$8:$B$507,$A47,Sales_Harian!$AB$8:$AB$507,"Perlu Perbaikan")+COUNTIFS(SPV_Harian!$A$8:$A$507,$B$4,SPV_Harian!$B$8:$B$507,$A47,SPV_Harian!$AA$8:$AA$507,"Perlu Perbaikan")+COUNTIFS(ASM_Harian!$A$8:$A$507,$B$4,ASM_Harian!$B$8:$B$507,$A47,ASM_Harian!$AA$8:$AA$507,"Perlu Perbaikan")=1,"Perlu Perbaikan","Belum Diperiksa")))) | O47: =IF($A47="","",IF(F47=0,"Belum ada laporan",IF(F47>1,"Hapus/benahi laporan ganda",IF(COUNTIFS(Sales_Harian!$A$8:$A$507,$B$4,Sales_Harian!$B$8:$B$507,$A47,Sales_Harian!$AM$8:$AM$507,"<>OK")+COUNTIFS(SPV_Harian!$A$8:$A$507,$B$4,SPV_Harian!$B$8:$B$507,$A47,SPV_Harian!$AL$8:$AL$507,"<>OK")+COUNTIFS(ASM_Harian!$A$8:$A$507,$B$4,ASM_Harian!$B$8:$B$507,$A47,ASM_Harian!$AL$8:$AL$507,"<>OK")>0,"Periksa validasi_data",IF(SUM(J47:K47)>0,"Ada kegiatan terbuka",IF(N47="Perlu Perbaikan","Tindak lanjuti review",IF(G47="Draft","Kirim laporan",IF(N47="Belum Diperiksa","Menunggu pemeriksaan","")))))))) -> Belum ada laporan
A48: =IF(AND(Master_PIC!A42<>"",Master_PIC!G42="Aktif",Master_PIC!C42<>"Manager"),Master_PIC!A42,"") -> Sales25 | B48: =IF($A48="","",IF(Master_PIC!B42="","",Master_PIC!B42)) -> M Rizky Satria Saputra | C48: =IF($A48="","",IF(Master_PIC!C42="","",Master_PIC!C42)) -> Sales | D48: =IF($A48="","",IF(Master_PIC!D42="","",Master_PIC!D42)) -> Tangerang | E48: =IF($A48="","",IF(Master_PIC!E42="","",Master_PIC!E42)) -> Barat | F48: =IF($A48="","",COUNTIFS(Sales_Harian!$A$8:$A$507,$B$4,Sales_Harian!$B$8:$B$507,$A48)+COUNTIFS(SPV_Harian!$A$8:$A$507,$B$4,SPV_Harian!$B$8:$B$507,$A48)+COUNTIFS(ASM_Harian!$A$8:$A$507,$B$4,ASM_Harian!$B$8:$B$507,$A48)) -> 0 | G48: =IF($A48="","",IF(F48=0,"Belum Lapor",IF(F48>1,"Data Ganda",IF(COUNTIFS(Sales_Harian!$A$8:$A$507,$B$4,Sales_Harian!$B$8:$B$507,$A48,Sales_Harian!$Z$8:$Z$507,"Dikirim")+COUNTIFS(SPV_Harian!$A$8:$A$507,$B$4,SPV_Harian!$B$8:$B$507,$A48,SPV_Harian!$Y$8:$Y$507,"Dikirim")+COUNTIFS(ASM_Harian!$A$8:$A$507,$B$4,ASM_Harian!$B$8:$B$507,$A48,ASM_Harian!$Y$8:$Y$507,"Dikirim")=1,"Dikirim","Draft")))) -> Belum Lapor | H48: =IF(OR($A48="",F48=0),"",SUMIFS(Sales_Harian!$AF$8:$AF$507,Sales_Harian!$A$8:$A$507,$B$4,Sales_Harian!$B$8:$B$507,$A48)+SUMIFS(SPV_Harian!$AE$8:$AE$507,SPV_Harian!$A$8:$A$507,$B$4,SPV_Harian!$B$8:$B$507,$A48)+SUMIFS(ASM_Harian!$AE$8:$AE$507,ASM_Harian!$A$8:$A$507,$B$4,ASM_Harian!$B$8:$B$507,$A48)) | I48: =IF(OR($A48="",F48=0),"",SUMIFS(Sales_Harian!$AG$8:$AG$507,Sales_Harian!$A$8:$A$507,$B$4,Sales_Harian!$B$8:$B$507,$A48)+SUMIFS(SPV_Harian!$AF$8:$AF$507,SPV_Harian!$A$8:$A$507,$B$4,SPV_Harian!$B$8:$B$507,$A48)+SUMIFS(ASM_Harian!$AF$8:$AF$507,ASM_Harian!$A$8:$A$507,$B$4,ASM_Harian!$B$8:$B$507,$A48)) | J48: =IF(OR($A48="",F48=0),"",SUMIFS(Sales_Harian!$AH$8:$AH$507,Sales_Harian!$A$8:$A$507,$B$4,Sales_Harian!$B$8:$B$507,$A48)+SUMIFS(SPV_Harian!$AG$8:$AG$507,SPV_Harian!$A$8:$A$507,$B$4,SPV_Harian!$B$8:$B$507,$A48)+SUMIFS(ASM_Harian!$AG$8:$AG$507,ASM_Harian!$A$8:$A$507,$B$4,ASM_Harian!$B$8:$B$507,$A48)) | K48: =IF(OR($A48="",F48=0),"",SUMIFS(Sales_Harian!$AI$8:$AI$507,Sales_Harian!$A$8:$A$507,$B$4,Sales_Harian!$B$8:$B$507,$A48)+SUMIFS(SPV_Harian!$AH$8:$AH$507,SPV_Harian!$A$8:$A$507,$B$4,SPV_Harian!$B$8:$B$507,$A48)+SUMIFS(ASM_Harian!$AH$8:$AH$507,ASM_Harian!$A$8:$A$507,$B$4,ASM_Harian!$B$8:$B$507,$A48)) | L48: =IF(OR($A48="",F48=0),"",SUMIFS(Sales_Harian!$AK$8:$AK$507,Sales_Harian!$A$8:$A$507,$B$4,Sales_Harian!$B$8:$B$507,$A48)+SUMIFS(SPV_Harian!$AJ$8:$AJ$507,SPV_Harian!$A$8:$A$507,$B$4,SPV_Harian!$B$8:$B$507,$A48)+SUMIFS(ASM_Harian!$AJ$8:$AJ$507,ASM_Harian!$A$8:$A$507,$B$4,ASM_Harian!$B$8:$B$507,$A48)) | M48: =IF($A48="","",IF(OR(F48<>1,H48=0),"n.a.",I48/H48)) -> n.a. | N48: =IF($A48="","",IF(G48<>"Dikirim","",IF(COUNTIFS(Sales_Harian!$A$8:$A$507,$B$4,Sales_Harian!$B$8:$B$507,$A48,Sales_Harian!$AB$8:$AB$507,"Disetujui")+COUNTIFS(SPV_Harian!$A$8:$A$507,$B$4,SPV_Harian!$B$8:$B$507,$A48,SPV_Harian!$AA$8:$AA$507,"Disetujui")+COUNTIFS(ASM_Harian!$A$8:$A$507,$B$4,ASM_Harian!$B$8:$B$507,$A48,ASM_Harian!$AA$8:$AA$507,"Disetujui")=1,IF(COUNTIFS(Sales_Harian!$A$8:$A$507,$B$4,Sales_Harian!$B$8:$B$507,$A48,Sales_Harian!$AM$8:$AM$507,"<>OK")+COUNTIFS(SPV_Harian!$A$8:$A$507,$B$4,SPV_Harian!$B$8:$B$507,$A48,SPV_Harian!$AL$8:$AL$507,"<>OK")+COUNTIFS(ASM_Harian!$A$8:$A$507,$B$4,ASM_Harian!$B$8:$B$507,$A48,ASM_Harian!$AL$8:$AL$507,"<>OK")>0,"Review belum valid","Disetujui"),IF(COUNTIFS(Sales_Harian!$A$8:$A$507,$B$4,Sales_Harian!$B$8:$B$507,$A48,Sales_Harian!$AB$8:$AB$507,"Perlu Perbaikan")+COUNTIFS(SPV_Harian!$A$8:$A$507,$B$4,SPV_Harian!$B$8:$B$507,$A48,SPV_Harian!$AA$8:$AA$507,"Perlu Perbaikan")+COUNTIFS(ASM_Harian!$A$8:$A$507,$B$4,ASM_Harian!$B$8:$B$507,$A48,ASM_Harian!$AA$8:$AA$507,"Perlu Perbaikan")=1,"Perlu Perbaikan","Belum Diperiksa")))) | O48: =IF($A48="","",IF(F48=0,"Belum ada laporan",IF(F48>1,"Hapus/benahi laporan ganda",IF(COUNTIFS(Sales_Harian!$A$8:$A$507,$B$4,Sales_Harian!$B$8:$B$507,$A48,Sales_Harian!$AM$8:$AM$507,"<>OK")+COUNTIFS(SPV_Harian!$A$8:$A$507,$B$4,SPV_Harian!$B$8:$B$507,$A48,SPV_Harian!$AL$8:$AL$507,"<>OK")+COUNTIFS(ASM_Harian!$A$8:$A$507,$B$4,ASM_Harian!$B$8:$B$507,$A48,ASM_Harian!$AL$8:$AL$507,"<>OK")>0,"Periksa validasi_data",IF(SUM(J48:K48)>0,"Ada kegiatan terbuka",IF(N48="Perlu Perbaikan","Tindak lanjuti review",IF(G48="Draft","Kirim laporan",IF(N48="Belum Diperiksa","Menunggu pemeriksaan","")))))))) -> Belum ada laporan
A49: =IF(AND(Master_PIC!A43<>"",Master_PIC!G43="Aktif",Master_PIC!C43<>"Manager"),Master_PIC!A43,"") | B49: =IF($A49="","",IF(Master_PIC!B43="","",Master_PIC!B43)) | C49: =IF($A49="","",IF(Master_PIC!C43="","",Master_PIC!C43)) | D49: =IF($A49="","",IF(Master_PIC!D43="","",Master_PIC!D43)) | E49: =IF($A49="","",IF(Master_PIC!E43="","",Master_PIC!E43)) | F49: =IF($A49="","",COUNTIFS(Sales_Harian!$A$8:$A$507,$B$4,Sales_Harian!$B$8:$B$507,$A49)+COUNTIFS(SPV_Harian!$A$8:$A$507,$B$4,SPV_Harian!$B$8:$B$507,$A49)+COUNTIFS(ASM_Harian!$A$8:$A$507,$B$4,ASM_Harian!$B$8:$B$507,$A49)) | G49: =IF($A49="","",IF(F49=0,"Belum Lapor",IF(F49>1,"Data Ganda",IF(COUNTIFS(Sales_Harian!$A$8:$A$507,$B$4,Sales_Harian!$B$8:$B$507,$A49,Sales_Harian!$Z$8:$Z$507,"Dikirim")+COUNTIFS(SPV_Harian!$A$8:$A$507,$B$4,SPV_Harian!$B$8:$B$507,$A49,SPV_Harian!$Y$8:$Y$507,"Dikirim")+COUNTIFS(ASM_Harian!$A$8:$A$507,$B$4,ASM_Harian!$B$8:$B$507,$A49,ASM_Harian!$Y$8:$Y$507,"Dikirim")=1,"Dikirim","Draft")))) | H49: =IF(OR($A49="",F49=0),"",SUMIFS(Sales_Harian!$AF$8:$AF$507,Sales_Harian!$A$8:$A$507,$B$4,Sales_Harian!$B$8:$B$507,$A49)+SUMIFS(SPV_Harian!$AE$8:$AE$507,SPV_Harian!$A$8:$A$507,$B$4,SPV_Harian!$B$8:$B$507,$A49)+SUMIFS(ASM_Harian!$AE$8:$AE$507,ASM_Harian!$A$8:$A$507,$B$4,ASM_Harian!$B$8:$B$507,$A49)) | I49: =IF(OR($A49="",F49=0),"",SUMIFS(Sales_Harian!$AG$8:$AG$507,Sales_Harian!$A$8:$A$507,$B$4,Sales_Harian!$B$8:$B$507,$A49)+SUMIFS(SPV_Harian!$AF$8:$AF$507,SPV_Harian!$A$8:$A$507,$B$4,SPV_Harian!$B$8:$B$507,$A49)+SUMIFS(ASM_Harian!$AF$8:$AF$507,ASM_Harian!$A$8:$A$507,$B$4,ASM_Harian!$B$8:$B$507,$A49)) | J49: =IF(OR($A49="",F49=0),"",SUMIFS(Sales_Harian!$AH$8:$AH$507,Sales_Harian!$A$8:$A$507,$B$4,Sales_Harian!$B$8:$B$507,$A49)+SUMIFS(SPV_Harian!$AG$8:$AG$507,SPV_Harian!$A$8:$A$507,$B$4,SPV_Harian!$B$8:$B$507,$A49)+SUMIFS(ASM_Harian!$AG$8:$AG$507,ASM_Harian!$A$8:$A$507,$B$4,ASM_Harian!$B$8:$B$507,$A49)) | K49: =IF(OR($A49="",F49=0),"",SUMIFS(Sales_Harian!$AI$8:$AI$507,Sales_Harian!$A$8:$A$507,$B$4,Sales_Harian!$B$8:$B$507,$A49)+SUMIFS(SPV_Harian!$AH$8:$AH$507,SPV_Harian!$A$8:$A$507,$B$4,SPV_Harian!$B$8:$B$507,$A49)+SUMIFS(ASM_Harian!$AH$8:$AH$507,ASM_Harian!$A$8:$A$507,$B$4,ASM_Harian!$B$8:$B$507,$A49)) | L49: =IF(OR($A49="",F49=0),"",SUMIFS(Sales_Harian!$AK$8:$AK$507,Sales_Harian!$A$8:$A$507,$B$4,Sales_Harian!$B$8:$B$507,$A49)+SUMIFS(SPV_Harian!$AJ$8:$AJ$507,SPV_Harian!$A$8:$A$507,$B$4,SPV_Harian!$B$8:$B$507,$A49)+SUMIFS(ASM_Harian!$AJ$8:$AJ$507,ASM_Harian!$A$8:$A$507,$B$4,ASM_Harian!$B$8:$B$507,$A49)) | M49: =IF($A49="","",IF(OR(F49<>1,H49=0),"n.a.",I49/H49)) | N49: =IF($A49="","",IF(G49<>"Dikirim","",IF(COUNTIFS(Sales_Harian!$A$8:$A$507,$B$4,Sales_Harian!$B$8:$B$507,$A49,Sales_Harian!$AB$8:$AB$507,"Disetujui")+COUNTIFS(SPV_Harian!$A$8:$A$507,$B$4,SPV_Harian!$B$8:$B$507,$A49,SPV_Harian!$AA$8:$AA$507,"Disetujui")+COUNTIFS(ASM_Harian!$A$8:$A$507,$B$4,ASM_Harian!$B$8:$B$507,$A49,ASM_Harian!$AA$8:$AA$507,"Disetujui")=1,IF(COUNTIFS(Sales_Harian!$A$8:$A$507,$B$4,Sales_Harian!$B$8:$B$507,$A49,Sales_Harian!$AM$8:$AM$507,"<>OK")+COUNTIFS(SPV_Harian!$A$8:$A$507,$B$4,SPV_Harian!$B$8:$B$507,$A49,SPV_Harian!$AL$8:$AL$507,"<>OK")+COUNTIFS(ASM_Harian!$A$8:$A$507,$B$4,ASM_Harian!$B$8:$B$507,$A49,ASM_Harian!$AL$8:$AL$507,"<>OK")>0,"Review belum valid","Disetujui"),IF(COUNTIFS(Sales_Harian!$A$8:$A$507,$B$4,Sales_Harian!$B$8:$B$507,$A49,Sales_Harian!$AB$8:$AB$507,"Perlu Perbaikan")+COUNTIFS(SPV_Harian!$A$8:$A$507,$B$4,SPV_Harian!$B$8:$B$507,$A49,SPV_Harian!$AA$8:$AA$507,"Perlu Perbaikan")+COUNTIFS(ASM_Harian!$A$8:$A$507,$B$4,ASM_Harian!$B$8:$B$507,$A49,ASM_Harian!$AA$8:$AA$507,"Perlu Perbaikan")=1,"Perlu Perbaikan","Belum Diperiksa")))) | O49: =IF($A49="","",IF(F49=0,"Belum ada laporan",IF(F49>1,"Hapus/benahi laporan ganda",IF(COUNTIFS(Sales_Harian!$A$8:$A$507,$B$4,Sales_Harian!$B$8:$B$507,$A49,Sales_Harian!$AM$8:$AM$507,"<>OK")+COUNTIFS(SPV_Harian!$A$8:$A$507,$B$4,SPV_Harian!$B$8:$B$507,$A49,SPV_Harian!$AL$8:$AL$507,"<>OK")+COUNTIFS(ASM_Harian!$A$8:$A$507,$B$4,ASM_Harian!$B$8:$B$507,$A49,ASM_Harian!$AL$8:$AL$507,"<>OK")>0,"Periksa validasi_data",IF(SUM(J49:K49)>0,"Ada kegiatan terbuka",IF(N49="Perlu Perbaikan","Tindak lanjuti review",IF(G49="Draft","Kirim laporan",IF(N49="Belum Diperiksa","Menunggu pemeriksaan",""))))))))
A50: =IF(AND(Master_PIC!A44<>"",Master_PIC!G44="Aktif",Master_PIC!C44<>"Manager"),Master_PIC!A44,"") | B50: =IF($A50="","",IF(Master_PIC!B44="","",Master_PIC!B44)) | C50: =IF($A50="","",IF(Master_PIC!C44="","",Master_PIC!C44)) | D50: =IF($A50="","",IF(Master_PIC!D44="","",Master_PIC!D44)) | E50: =IF($A50="","",IF(Master_PIC!E44="","",Master_PIC!E44)) | F50: =IF($A50="","",COUNTIFS(Sales_Harian!$A$8:$A$507,$B$4,Sales_Harian!$B$8:$B$507,$A50)+COUNTIFS(SPV_Harian!$A$8:$A$507,$B$4,SPV_Harian!$B$8:$B$507,$A50)+COUNTIFS(ASM_Harian!$A$8:$A$507,$B$4,ASM_Harian!$B$8:$B$507,$A50)) | G50: =IF($A50="","",IF(F50=0,"Belum Lapor",IF(F50>1,"Data Ganda",IF(COUNTIFS(Sales_Harian!$A$8:$A$507,$B$4,Sales_Harian!$B$8:$B$507,$A50,Sales_Harian!$Z$8:$Z$507,"Dikirim")+COUNTIFS(SPV_Harian!$A$8:$A$507,$B$4,SPV_Harian!$B$8:$B$507,$A50,SPV_Harian!$Y$8:$Y$507,"Dikirim")+COUNTIFS(ASM_Harian!$A$8:$A$507,$B$4,ASM_Harian!$B$8:$B$507,$A50,ASM_Harian!$Y$8:$Y$507,"Dikirim")=1,"Dikirim","Draft")))) | H50: =IF(OR($A50="",F50=0),"",SUMIFS(Sales_Harian!$AF$8:$AF$507,Sales_Harian!$A$8:$A$507,$B$4,Sales_Harian!$B$8:$B$507,$A50)+SUMIFS(SPV_Harian!$AE$8:$AE$507,SPV_Harian!$A$8:$A$507,$B$4,SPV_Harian!$B$8:$B$507,$A50)+SUMIFS(ASM_Harian!$AE$8:$AE$507,ASM_Harian!$A$8:$A$507,$B$4,ASM_Harian!$B$8:$B$507,$A50)) | I50: =IF(OR($A50="",F50=0),"",SUMIFS(Sales_Harian!$AG$8:$AG$507,Sales_Harian!$A$8:$A$507,$B$4,Sales_Harian!$B$8:$B$507,$A50)+SUMIFS(SPV_Harian!$AF$8:$AF$507,SPV_Harian!$A$8:$A$507,$B$4,SPV_Harian!$B$8:$B$507,$A50)+SUMIFS(ASM_Harian!$AF$8:$AF$507,ASM_Harian!$A$8:$A$507,$B$4,ASM_Harian!$B$8:$B$507,$A50)) | J50: =IF(OR($A50="",F50=0),"",SUMIFS(Sales_Harian!$AH$8:$AH$507,Sales_Harian!$A$8:$A$507,$B$4,Sales_Harian!$B$8:$B$507,$A50)+SUMIFS(SPV_Harian!$AG$8:$AG$507,SPV_Harian!$A$8:$A$507,$B$4,SPV_Harian!$B$8:$B$507,$A50)+SUMIFS(ASM_Harian!$AG$8:$AG$507,ASM_Harian!$A$8:$A$507,$B$4,ASM_Harian!$B$8:$B$507,$A50)) | K50: =IF(OR($A50="",F50=0),"",SUMIFS(Sales_Harian!$AI$8:$AI$507,Sales_Harian!$A$8:$A$507,$B$4,Sales_Harian!$B$8:$B$507,$A50)+SUMIFS(SPV_Harian!$AH$8:$AH$507,SPV_Harian!$A$8:$A$507,$B$4,SPV_Harian!$B$8:$B$507,$A50)+SUMIFS(ASM_Harian!$AH$8:$AH$507,ASM_Harian!$A$8:$A$507,$B$4,ASM_Harian!$B$8:$B$507,$A50)) | L50: =IF(OR($A50="",F50=0),"",SUMIFS(Sales_Harian!$AK$8:$AK$507,Sales_Harian!$A$8:$A$507,$B$4,Sales_Harian!$B$8:$B$507,$A50)+SUMIFS(SPV_Harian!$AJ$8:$AJ$507,SPV_Harian!$A$8:$A$507,$B$4,SPV_Harian!$B$8:$B$507,$A50)+SUMIFS(ASM_Harian!$AJ$8:$AJ$507,ASM_Harian!$A$8:$A$507,$B$4,ASM_Harian!$B$8:$B$507,$A50)) | M50: =IF($A50="","",IF(OR(F50<>1,H50=0),"n.a.",I50/H50)) | N50: =IF($A50="","",IF(G50<>"Dikirim","",IF(COUNTIFS(Sales_Harian!$A$8:$A$507,$B$4,Sales_Harian!$B$8:$B$507,$A50,Sales_Harian!$AB$8:$AB$507,"Disetujui")+COUNTIFS(SPV_Harian!$A$8:$A$507,$B$4,SPV_Harian!$B$8:$B$507,$A50,SPV_Harian!$AA$8:$AA$507,"Disetujui")+COUNTIFS(ASM_Harian!$A$8:$A$507,$B$4,ASM_Harian!$B$8:$B$507,$A50,ASM_Harian!$AA$8:$AA$507,"Disetujui")=1,IF(COUNTIFS(Sales_Harian!$A$8:$A$507,$B$4,Sales_Harian!$B$8:$B$507,$A50,Sales_Harian!$AM$8:$AM$507,"<>OK")+COUNTIFS(SPV_Harian!$A$8:$A$507,$B$4,SPV_Harian!$B$8:$B$507,$A50,SPV_Harian!$AL$8:$AL$507,"<>OK")+COUNTIFS(ASM_Harian!$A$8:$A$507,$B$4,ASM_Harian!$B$8:$B$507,$A50,ASM_Harian!$AL$8:$AL$507,"<>OK")>0,"Review belum valid","Disetujui"),IF(COUNTIFS(Sales_Harian!$A$8:$A$507,$B$4,Sales_Harian!$B$8:$B$507,$A50,Sales_Harian!$AB$8:$AB$507,"Perlu Perbaikan")+COUNTIFS(SPV_Harian!$A$8:$A$507,$B$4,SPV_Harian!$B$8:$B$507,$A50,SPV_Harian!$AA$8:$AA$507,"Perlu Perbaikan")+COUNTIFS(ASM_Harian!$A$8:$A$507,$B$4,ASM_Harian!$B$8:$B$507,$A50,ASM_Harian!$AA$8:$AA$507,"Perlu Perbaikan")=1,"Perlu Perbaikan","Belum Diperiksa")))) | O50: =IF($A50="","",IF(F50=0,"Belum ada laporan",IF(F50>1,"Hapus/benahi laporan ganda",IF(COUNTIFS(Sales_Harian!$A$8:$A$507,$B$4,Sales_Harian!$B$8:$B$507,$A50,Sales_Harian!$AM$8:$AM$507,"<>OK")+COUNTIFS(SPV_Harian!$A$8:$A$507,$B$4,SPV_Harian!$B$8:$B$507,$A50,SPV_Harian!$AL$8:$AL$507,"<>OK")+COUNTIFS(ASM_Harian!$A$8:$A$507,$B$4,ASM_Harian!$B$8:$B$507,$A50,ASM_Harian!$AL$8:$AL$507,"<>OK")>0,"Periksa validasi_data",IF(SUM(J50:K50)>0,"Ada kegiatan terbuka",IF(N50="Perlu Perbaikan","Tindak lanjuti review",IF(G50="Draft","Kirim laporan",IF(N50="Belum Diperiksa","Menunggu pemeriksaan",""))))))))
A51: =IF(AND(Master_PIC!A45<>"",Master_PIC!G45="Aktif",Master_PIC!C45<>"Manager"),Master_PIC!A45,"") | B51: =IF($A51="","",IF(Master_PIC!B45="","",Master_PIC!B45)) | C51: =IF($A51="","",IF(Master_PIC!C45="","",Master_PIC!C45)) | D51: =IF($A51="","",IF(Master_PIC!D45="","",Master_PIC!D45)) | E51: =IF($A51="","",IF(Master_PIC!E45="","",Master_PIC!E45)) | F51: =IF($A51="","",COUNTIFS(Sales_Harian!$A$8:$A$507,$B$4,Sales_Harian!$B$8:$B$507,$A51)+COUNTIFS(SPV_Harian!$A$8:$A$507,$B$4,SPV_Harian!$B$8:$B$507,$A51)+COUNTIFS(ASM_Harian!$A$8:$A$507,$B$4,ASM_Harian!$B$8:$B$507,$A51)) | G51: =IF($A51="","",IF(F51=0,"Belum Lapor",IF(F51>1,"Data Ganda",IF(COUNTIFS(Sales_Harian!$A$8:$A$507,$B$4,Sales_Harian!$B$8:$B$507,$A51,Sales_Harian!$Z$8:$Z$507,"Dikirim")+COUNTIFS(SPV_Harian!$A$8:$A$507,$B$4,SPV_Harian!$B$8:$B$507,$A51,SPV_Harian!$Y$8:$Y$507,"Dikirim")+COUNTIFS(ASM_Harian!$A$8:$A$507,$B$4,ASM_Harian!$B$8:$B$507,$A51,ASM_Harian!$Y$8:$Y$507,"Dikirim")=1,"Dikirim","Draft")))) | H51: =IF(OR($A51="",F51=0),"",SUMIFS(Sales_Harian!$AF$8:$AF$507,Sales_Harian!$A$8:$A$507,$B$4,Sales_Harian!$B$8:$B$507,$A51)+SUMIFS(SPV_Harian!$AE$8:$AE$507,SPV_Harian!$A$8:$A$507,$B$4,SPV_Harian!$B$8:$B$507,$A51)+SUMIFS(ASM_Harian!$AE$8:$AE$507,ASM_Harian!$A$8:$A$507,$B$4,ASM_Harian!$B$8:$B$507,$A51)) | I51: =IF(OR($A51="",F51=0),"",SUMIFS(Sales_Harian!$AG$8:$AG$507,Sales_Harian!$A$8:$A$507,$B$4,Sales_Harian!$B$8:$B$507,$A51)+SUMIFS(SPV_Harian!$AF$8:$AF$507,SPV_Harian!$A$8:$A$507,$B$4,SPV_Harian!$B$8:$B$507,$A51)+SUMIFS(ASM_Harian!$AF$8:$AF$507,ASM_Harian!$A$8:$A$507,$B$4,ASM_Harian!$B$8:$B$507,$A51)) | J51: =IF(OR($A51="",F51=0),"",SUMIFS(Sales_Harian!$AH$8:$AH$507,Sales_Harian!$A$8:$A$507,$B$4,Sales_Harian!$B$8:$B$507,$A51)+SUMIFS(SPV_Harian!$AG$8:$AG$507,SPV_Harian!$A$8:$A$507,$B$4,SPV_Harian!$B$8:$B$507,$A51)+SUMIFS(ASM_Harian!$AG$8:$AG$507,ASM_Harian!$A$8:$A$507,$B$4,ASM_Harian!$B$8:$B$507,$A51)) | K51: =IF(OR($A51="",F51=0),"",SUMIFS(Sales_Harian!$AI$8:$AI$507,Sales_Harian!$A$8:$A$507,$B$4,Sales_Harian!$B$8:$B$507,$A51)+SUMIFS(SPV_Harian!$AH$8:$AH$507,SPV_Harian!$A$8:$A$507,$B$4,SPV_Harian!$B$8:$B$507,$A51)+SUMIFS(ASM_Harian!$AH$8:$AH$507,ASM_Harian!$A$8:$A$507,$B$4,ASM_Harian!$B$8:$B$507,$A51)) | L51: =IF(OR($A51="",F51=0),"",SUMIFS(Sales_Harian!$AK$8:$AK$507,Sales_Harian!$A$8:$A$507,$B$4,Sales_Harian!$B$8:$B$507,$A51)+SUMIFS(SPV_Harian!$AJ$8:$AJ$507,SPV_Harian!$A$8:$A$507,$B$4,SPV_Harian!$B$8:$B$507,$A51)+SUMIFS(ASM_Harian!$AJ$8:$AJ$507,ASM_Harian!$A$8:$A$507,$B$4,ASM_Harian!$B$8:$B$507,$A51)) | M51: =IF($A51="","",IF(OR(F51<>1,H51=0),"n.a.",I51/H51)) | N51: =IF($A51="","",IF(G51<>"Dikirim","",IF(COUNTIFS(Sales_Harian!$A$8:$A$507,$B$4,Sales_Harian!$B$8:$B$507,$A51,Sales_Harian!$AB$8:$AB$507,"Disetujui")+COUNTIFS(SPV_Harian!$A$8:$A$507,$B$4,SPV_Harian!$B$8:$B$507,$A51,SPV_Harian!$AA$8:$AA$507,"Disetujui")+COUNTIFS(ASM_Harian!$A$8:$A$507,$B$4,ASM_Harian!$B$8:$B$507,$A51,ASM_Harian!$AA$8:$AA$507,"Disetujui")=1,IF(COUNTIFS(Sales_Harian!$A$8:$A$507,$B$4,Sales_Harian!$B$8:$B$507,$A51,Sales_Harian!$AM$8:$AM$507,"<>OK")+COUNTIFS(SPV_Harian!$A$8:$A$507,$B$4,SPV_Harian!$B$8:$B$507,$A51,SPV_Harian!$AL$8:$AL$507,"<>OK")+COUNTIFS(ASM_Harian!$A$8:$A$507,$B$4,ASM_Harian!$B$8:$B$507,$A51,ASM_Harian!$AL$8:$AL$507,"<>OK")>0,"Review belum valid","Disetujui"),IF(COUNTIFS(Sales_Harian!$A$8:$A$507,$B$4,Sales_Harian!$B$8:$B$507,$A51,Sales_Harian!$AB$8:$AB$507,"Perlu Perbaikan")+COUNTIFS(SPV_Harian!$A$8:$A$507,$B$4,SPV_Harian!$B$8:$B$507,$A51,SPV_Harian!$AA$8:$AA$507,"Perlu Perbaikan")+COUNTIFS(ASM_Harian!$A$8:$A$507,$B$4,ASM_Harian!$B$8:$B$507,$A51,ASM_Harian!$AA$8:$AA$507,"Perlu Perbaikan")=1,"Perlu Perbaikan","Belum Diperiksa")))) | O51: =IF($A51="","",IF(F51=0,"Belum ada laporan",IF(F51>1,"Hapus/benahi laporan ganda",IF(COUNTIFS(Sales_Harian!$A$8:$A$507,$B$4,Sales_Harian!$B$8:$B$507,$A51,Sales_Harian!$AM$8:$AM$507,"<>OK")+COUNTIFS(SPV_Harian!$A$8:$A$507,$B$4,SPV_Harian!$B$8:$B$507,$A51,SPV_Harian!$AL$8:$AL$507,"<>OK")+COUNTIFS(ASM_Harian!$A$8:$A$507,$B$4,ASM_Harian!$B$8:$B$507,$A51,ASM_Harian!$AL$8:$AL$507,"<>OK")>0,"Periksa validasi_data",IF(SUM(J51:K51)>0,"Ada kegiatan terbuka",IF(N51="Perlu Perbaikan","Tindak lanjuti review",IF(G51="Draft","Kirim laporan",IF(N51="Belum Diperiksa","Menunggu pemeriksaan",""))))))))
A52: =IF(AND(Master_PIC!A46<>"",Master_PIC!G46="Aktif",Master_PIC!C46<>"Manager"),Master_PIC!A46,"") | B52: =IF($A52="","",IF(Master_PIC!B46="","",Master_PIC!B46)) | C52: =IF($A52="","",IF(Master_PIC!C46="","",Master_PIC!C46)) | D52: =IF($A52="","",IF(Master_PIC!D46="","",Master_PIC!D46)) | E52: =IF($A52="","",IF(Master_PIC!E46="","",Master_PIC!E46)) | F52: =IF($A52="","",COUNTIFS(Sales_Harian!$A$8:$A$507,$B$4,Sales_Harian!$B$8:$B$507,$A52)+COUNTIFS(SPV_Harian!$A$8:$A$507,$B$4,SPV_Harian!$B$8:$B$507,$A52)+COUNTIFS(ASM_Harian!$A$8:$A$507,$B$4,ASM_Harian!$B$8:$B$507,$A52)) | G52: =IF($A52="","",IF(F52=0,"Belum Lapor",IF(F52>1,"Data Ganda",IF(COUNTIFS(Sales_Harian!$A$8:$A$507,$B$4,Sales_Harian!$B$8:$B$507,$A52,Sales_Harian!$Z$8:$Z$507,"Dikirim")+COUNTIFS(SPV_Harian!$A$8:$A$507,$B$4,SPV_Harian!$B$8:$B$507,$A52,SPV_Harian!$Y$8:$Y$507,"Dikirim")+COUNTIFS(ASM_Harian!$A$8:$A$507,$B$4,ASM_Harian!$B$8:$B$507,$A52,ASM_Harian!$Y$8:$Y$507,"Dikirim")=1,"Dikirim","Draft")))) | H52: =IF(OR($A52="",F52=0),"",SUMIFS(Sales_Harian!$AF$8:$AF$507,Sales_Harian!$A$8:$A$507,$B$4,Sales_Harian!$B$8:$B$507,$A52)+SUMIFS(SPV_Harian!$AE$8:$AE$507,SPV_Harian!$A$8:$A$507,$B$4,SPV_Harian!$B$8:$B$507,$A52)+SUMIFS(ASM_Harian!$AE$8:$AE$507,ASM_Harian!$A$8:$A$507,$B$4,ASM_Harian!$B$8:$B$507,$A52)) | I52: =IF(OR($A52="",F52=0),"",SUMIFS(Sales_Harian!$AG$8:$AG$507,Sales_Harian!$A$8:$A$507,$B$4,Sales_Harian!$B$8:$B$507,$A52)+SUMIFS(SPV_Harian!$AF$8:$AF$507,SPV_Harian!$A$8:$A$507,$B$4,SPV_Harian!$B$8:$B$507,$A52)+SUMIFS(ASM_Harian!$AF$8:$AF$507,ASM_Harian!$A$8:$A$507,$B$4,ASM_Harian!$B$8:$B$507,$A52)) | J52: =IF(OR($A52="",F52=0),"",SUMIFS(Sales_Harian!$AH$8:$AH$507,Sales_Harian!$A$8:$A$507,$B$4,Sales_Harian!$B$8:$B$507,$A52)+SUMIFS(SPV_Harian!$AG$8:$AG$507,SPV_Harian!$A$8:$A$507,$B$4,SPV_Harian!$B$8:$B$507,$A52)+SUMIFS(ASM_Harian!$AG$8:$AG$507,ASM_Harian!$A$8:$A$507,$B$4,ASM_Harian!$B$8:$B$507,$A52)) | K52: =IF(OR($A52="",F52=0),"",SUMIFS(Sales_Harian!$AI$8:$AI$507,Sales_Harian!$A$8:$A$507,$B$4,Sales_Harian!$B$8:$B$507,$A52)+SUMIFS(SPV_Harian!$AH$8:$AH$507,SPV_Harian!$A$8:$A$507,$B$4,SPV_Harian!$B$8:$B$507,$A52)+SUMIFS(ASM_Harian!$AH$8:$AH$507,ASM_Harian!$A$8:$A$507,$B$4,ASM_Harian!$B$8:$B$507,$A52)) | L52: =IF(OR($A52="",F52=0),"",SUMIFS(Sales_Harian!$AK$8:$AK$507,Sales_Harian!$A$8:$A$507,$B$4,Sales_Harian!$B$8:$B$507,$A52)+SUMIFS(SPV_Harian!$AJ$8:$AJ$507,SPV_Harian!$A$8:$A$507,$B$4,SPV_Harian!$B$8:$B$507,$A52)+SUMIFS(ASM_Harian!$AJ$8:$AJ$507,ASM_Harian!$A$8:$A$507,$B$4,ASM_Harian!$B$8:$B$507,$A52)) | M52: =IF($A52="","",IF(OR(F52<>1,H52=0),"n.a.",I52/H52)) | N52: =IF($A52="","",IF(G52<>"Dikirim","",IF(COUNTIFS(Sales_Harian!$A$8:$A$507,$B$4,Sales_Harian!$B$8:$B$507,$A52,Sales_Harian!$AB$8:$AB$507,"Disetujui")+COUNTIFS(SPV_Harian!$A$8:$A$507,$B$4,SPV_Harian!$B$8:$B$507,$A52,SPV_Harian!$AA$8:$AA$507,"Disetujui")+COUNTIFS(ASM_Harian!$A$8:$A$507,$B$4,ASM_Harian!$B$8:$B$507,$A52,ASM_Harian!$AA$8:$AA$507,"Disetujui")=1,IF(COUNTIFS(Sales_Harian!$A$8:$A$507,$B$4,Sales_Harian!$B$8:$B$507,$A52,Sales_Harian!$AM$8:$AM$507,"<>OK")+COUNTIFS(SPV_Harian!$A$8:$A$507,$B$4,SPV_Harian!$B$8:$B$507,$A52,SPV_Harian!$AL$8:$AL$507,"<>OK")+COUNTIFS(ASM_Harian!$A$8:$A$507,$B$4,ASM_Harian!$B$8:$B$507,$A52,ASM_Harian!$AL$8:$AL$507,"<>OK")>0,"Review belum valid","Disetujui"),IF(COUNTIFS(Sales_Harian!$A$8:$A$507,$B$4,Sales_Harian!$B$8:$B$507,$A52,Sales_Harian!$AB$8:$AB$507,"Perlu Perbaikan")+COUNTIFS(SPV_Harian!$A$8:$A$507,$B$4,SPV_Harian!$B$8:$B$507,$A52,SPV_Harian!$AA$8:$AA$507,"Perlu Perbaikan")+COUNTIFS(ASM_Harian!$A$8:$A$507,$B$4,ASM_Harian!$B$8:$B$507,$A52,ASM_Harian!$AA$8:$AA$507,"Perlu Perbaikan")=1,"Perlu Perbaikan","Belum Diperiksa")))) | O52: =IF($A52="","",IF(F52=0,"Belum ada laporan",IF(F52>1,"Hapus/benahi laporan ganda",IF(COUNTIFS(Sales_Harian!$A$8:$A$507,$B$4,Sales_Harian!$B$8:$B$507,$A52,Sales_Harian!$AM$8:$AM$507,"<>OK")+COUNTIFS(SPV_Harian!$A$8:$A$507,$B$4,SPV_Harian!$B$8:$B$507,$A52,SPV_Harian!$AL$8:$AL$507,"<>OK")+COUNTIFS(ASM_Harian!$A$8:$A$507,$B$4,ASM_Harian!$B$8:$B$507,$A52,ASM_Harian!$AL$8:$AL$507,"<>OK")>0,"Periksa validasi_data",IF(SUM(J52:K52)>0,"Ada kegiatan terbuka",IF(N52="Perlu Perbaikan","Tindak lanjuti review",IF(G52="Draft","Kirim laporan",IF(N52="Belum Diperiksa","Menunggu pemeriksaan",""))))))))
A53: =IF(AND(Master_PIC!A47<>"",Master_PIC!G47="Aktif",Master_PIC!C47<>"Manager"),Master_PIC!A47,"") | B53: =IF($A53="","",IF(Master_PIC!B47="","",Master_PIC!B47)) | C53: =IF($A53="","",IF(Master_PIC!C47="","",Master_PIC!C47)) | D53: =IF($A53="","",IF(Master_PIC!D47="","",Master_PIC!D47)) | E53: =IF($A53="","",IF(Master_PIC!E47="","",Master_PIC!E47)) | F53: =IF($A53="","",COUNTIFS(Sales_Harian!$A$8:$A$507,$B$4,Sales_Harian!$B$8:$B$507,$A53)+COUNTIFS(SPV_Harian!$A$8:$A$507,$B$4,SPV_Harian!$B$8:$B$507,$A53)+COUNTIFS(ASM_Harian!$A$8:$A$507,$B$4,ASM_Harian!$B$8:$B$507,$A53)) | G53: =IF($A53="","",IF(F53=0,"Belum Lapor",IF(F53>1,"Data Ganda",IF(COUNTIFS(Sales_Harian!$A$8:$A$507,$B$4,Sales_Harian!$B$8:$B$507,$A53,Sales_Harian!$Z$8:$Z$507,"Dikirim")+COUNTIFS(SPV_Harian!$A$8:$A$507,$B$4,SPV_Harian!$B$8:$B$507,$A53,SPV_Harian!$Y$8:$Y$507,"Dikirim")+COUNTIFS(ASM_Harian!$A$8:$A$507,$B$4,ASM_Harian!$B$8:$B$507,$A53,ASM_Harian!$Y$8:$Y$507,"Dikirim")=1,"Dikirim","Draft")))) | H53: =IF(OR($A53="",F53=0),"",SUMIFS(Sales_Harian!$AF$8:$AF$507,Sales_Harian!$A$8:$A$507,$B$4,Sales_Harian!$B$8:$B$507,$A53)+SUMIFS(SPV_Harian!$AE$8:$AE$507,SPV_Harian!$A$8:$A$507,$B$4,SPV_Harian!$B$8:$B$507,$A53)+SUMIFS(ASM_Harian!$AE$8:$AE$507,ASM_Harian!$A$8:$A$507,$B$4,ASM_Harian!$B$8:$B$507,$A53)) | I53: =IF(OR($A53="",F53=0),"",SUMIFS(Sales_Harian!$AG$8:$AG$507,Sales_Harian!$A$8:$A$507,$B$4,Sales_Harian!$B$8:$B$507,$A53)+SUMIFS(SPV_Harian!$AF$8:$AF$507,SPV_Harian!$A$8:$A$507,$B$4,SPV_Harian!$B$8:$B$507,$A53)+SUMIFS(ASM_Harian!$AF$8:$AF$507,ASM_Harian!$A$8:$A$507,$B$4,ASM_Harian!$B$8:$B$507,$A53)) | J53: =IF(OR($A53="",F53=0),"",SUMIFS(Sales_Harian!$AH$8:$AH$507,Sales_Harian!$A$8:$A$507,$B$4,Sales_Harian!$B$8:$B$507,$A53)+SUMIFS(SPV_Harian!$AG$8:$AG$507,SPV_Harian!$A$8:$A$507,$B$4,SPV_Harian!$B$8:$B$507,$A53)+SUMIFS(ASM_Harian!$AG$8:$AG$507,ASM_Harian!$A$8:$A$507,$B$4,ASM_Harian!$B$8:$B$507,$A53)) | K53: =IF(OR($A53="",F53=0),"",SUMIFS(Sales_Harian!$AI$8:$AI$507,Sales_Harian!$A$8:$A$507,$B$4,Sales_Harian!$B$8:$B$507,$A53)+SUMIFS(SPV_Harian!$AH$8:$AH$507,SPV_Harian!$A$8:$A$507,$B$4,SPV_Harian!$B$8:$B$507,$A53)+SUMIFS(ASM_Harian!$AH$8:$AH$507,ASM_Harian!$A$8:$A$507,$B$4,ASM_Harian!$B$8:$B$507,$A53)) | L53: =IF(OR($A53="",F53=0),"",SUMIFS(Sales_Harian!$AK$8:$AK$507,Sales_Harian!$A$8:$A$507,$B$4,Sales_Harian!$B$8:$B$507,$A53)+SUMIFS(SPV_Harian!$AJ$8:$AJ$507,SPV_Harian!$A$8:$A$507,$B$4,SPV_Harian!$B$8:$B$507,$A53)+SUMIFS(ASM_Harian!$AJ$8:$AJ$507,ASM_Harian!$A$8:$A$507,$B$4,ASM_Harian!$B$8:$B$507,$A53)) | M53: =IF($A53="","",IF(OR(F53<>1,H53=0),"n.a.",I53/H53)) | N53: =IF($A53="","",IF(G53<>"Dikirim","",IF(COUNTIFS(Sales_Harian!$A$8:$A$507,$B$4,Sales_Harian!$B$8:$B$507,$A53,Sales_Harian!$AB$8:$AB$507,"Disetujui")+COUNTIFS(SPV_Harian!$A$8:$A$507,$B$4,SPV_Harian!$B$8:$B$507,$A53,SPV_Harian!$AA$8:$AA$507,"Disetujui")+COUNTIFS(ASM_Harian!$A$8:$A$507,$B$4,ASM_Harian!$B$8:$B$507,$A53,ASM_Harian!$AA$8:$AA$507,"Disetujui")=1,IF(COUNTIFS(Sales_Harian!$A$8:$A$507,$B$4,Sales_Harian!$B$8:$B$507,$A53,Sales_Harian!$AM$8:$AM$507,"<>OK")+COUNTIFS(SPV_Harian!$A$8:$A$507,$B$4,SPV_Harian!$B$8:$B$507,$A53,SPV_Harian!$AL$8:$AL$507,"<>OK")+COUNTIFS(ASM_Harian!$A$8:$A$507,$B$4,ASM_Harian!$B$8:$B$507,$A53,ASM_Harian!$AL$8:$AL$507,"<>OK")>0,"Review belum valid","Disetujui"),IF(COUNTIFS(Sales_Harian!$A$8:$A$507,$B$4,Sales_Harian!$B$8:$B$507,$A53,Sales_Harian!$AB$8:$AB$507,"Perlu Perbaikan")+COUNTIFS(SPV_Harian!$A$8:$A$507,$B$4,SPV_Harian!$B$8:$B$507,$A53,SPV_Harian!$AA$8:$AA$507,"Perlu Perbaikan")+COUNTIFS(ASM_Harian!$A$8:$A$507,$B$4,ASM_Harian!$B$8:$B$507,$A53,ASM_Harian!$AA$8:$AA$507,"Perlu Perbaikan")=1,"Perlu Perbaikan","Belum Diperiksa")))) | O53: =IF($A53="","",IF(F53=0,"Belum ada laporan",IF(F53>1,"Hapus/benahi laporan ganda",IF(COUNTIFS(Sales_Harian!$A$8:$A$507,$B$4,Sales_Harian!$B$8:$B$507,$A53,Sales_Harian!$AM$8:$AM$507,"<>OK")+COUNTIFS(SPV_Harian!$A$8:$A$507,$B$4,SPV_Harian!$B$8:$B$507,$A53,SPV_Harian!$AL$8:$AL$507,"<>OK")+COUNTIFS(ASM_Harian!$A$8:$A$507,$B$4,ASM_Harian!$B$8:$B$507,$A53,ASM_Harian!$AL$8:$AL$507,"<>OK")>0,"Periksa validasi_data",IF(SUM(J53:K53)>0,"Ada kegiatan terbuka",IF(N53="Perlu Perbaikan","Tindak lanjuti review",IF(G53="Draft","Kirim laporan",IF(N53="Belum Diperiksa","Menunggu pemeriksaan",""))))))))
A54: =IF(AND(Master_PIC!A48<>"",Master_PIC!G48="Aktif",Master_PIC!C48<>"Manager"),Master_PIC!A48,"") | B54: =IF($A54="","",IF(Master_PIC!B48="","",Master_PIC!B48)) | C54: =IF($A54="","",IF(Master_PIC!C48="","",Master_PIC!C48)) | D54: =IF($A54="","",IF(Master_PIC!D48="","",Master_PIC!D48)) | E54: =IF($A54="","",IF(Master_PIC!E48="","",Master_PIC!E48)) | F54: =IF($A54="","",COUNTIFS(Sales_Harian!$A$8:$A$507,$B$4,Sales_Harian!$B$8:$B$507,$A54)+COUNTIFS(SPV_Harian!$A$8:$A$507,$B$4,SPV_Harian!$B$8:$B$507,$A54)+COUNTIFS(ASM_Harian!$A$8:$A$507,$B$4,ASM_Harian!$B$8:$B$507,$A54)) | G54: =IF($A54="","",IF(F54=0,"Belum Lapor",IF(F54>1,"Data Ganda",IF(COUNTIFS(Sales_Harian!$A$8:$A$507,$B$4,Sales_Harian!$B$8:$B$507,$A54,Sales_Harian!$Z$8:$Z$507,"Dikirim")+COUNTIFS(SPV_Harian!$A$8:$A$507,$B$4,SPV_Harian!$B$8:$B$507,$A54,SPV_Harian!$Y$8:$Y$507,"Dikirim")+COUNTIFS(ASM_Harian!$A$8:$A$507,$B$4,ASM_Harian!$B$8:$B$507,$A54,ASM_Harian!$Y$8:$Y$507,"Dikirim")=1,"Dikirim","Draft")))) | H54: =IF(OR($A54="",F54=0),"",SUMIFS(Sales_Harian!$AF$8:$AF$507,Sales_Harian!$A$8:$A$507,$B$4,Sales_Harian!$B$8:$B$507,$A54)+SUMIFS(SPV_Harian!$AE$8:$AE$507,SPV_Harian!$A$8:$A$507,$B$4,SPV_Harian!$B$8:$B$507,$A54)+SUMIFS(ASM_Harian!$AE$8:$AE$507,ASM_Harian!$A$8:$A$507,$B$4,ASM_Harian!$B$8:$B$507,$A54)) | I54: =IF(OR($A54="",F54=0),"",SUMIFS(Sales_Harian!$AG$8:$AG$507,Sales_Harian!$A$8:$A$507,$B$4,Sales_Harian!$B$8:$B$507,$A54)+SUMIFS(SPV_Harian!$AF$8:$AF$507,SPV_Harian!$A$8:$A$507,$B$4,SPV_Harian!$B$8:$B$507,$A54)+SUMIFS(ASM_Harian!$AF$8:$AF$507,ASM_Harian!$A$8:$A$507,$B$4,ASM_Harian!$B$8:$B$507,$A54)) | J54: =IF(OR($A54="",F54=0),"",SUMIFS(Sales_Harian!$AH$8:$AH$507,Sales_Harian!$A$8:$A$507,$B$4,Sales_Harian!$B$8:$B$507,$A54)+SUMIFS(SPV_Harian!$AG$8:$AG$507,SPV_Harian!$A$8:$A$507,$B$4,SPV_Harian!$B$8:$B$507,$A54)+SUMIFS(ASM_Harian!$AG$8:$AG$507,ASM_Harian!$A$8:$A$507,$B$4,ASM_Harian!$B$8:$B$507,$A54)) | K54: =IF(OR($A54="",F54=0),"",SUMIFS(Sales_Harian!$AI$8:$AI$507,Sales_Harian!$A$8:$A$507,$B$4,Sales_Harian!$B$8:$B$507,$A54)+SUMIFS(SPV_Harian!$AH$8:$AH$507,SPV_Harian!$A$8:$A$507,$B$4,SPV_Harian!$B$8:$B$507,$A54)+SUMIFS(ASM_Harian!$AH$8:$AH$507,ASM_Harian!$A$8:$A$507,$B$4,ASM_Harian!$B$8:$B$507,$A54)) | L54: =IF(OR($A54="",F54=0),"",SUMIFS(Sales_Harian!$AK$8:$AK$507,Sales_Harian!$A$8:$A$507,$B$4,Sales_Harian!$B$8:$B$507,$A54)+SUMIFS(SPV_Harian!$AJ$8:$AJ$507,SPV_Harian!$A$8:$A$507,$B$4,SPV_Harian!$B$8:$B$507,$A54)+SUMIFS(ASM_Harian!$AJ$8:$AJ$507,ASM_Harian!$A$8:$A$507,$B$4,ASM_Harian!$B$8:$B$507,$A54)) | M54: =IF($A54="","",IF(OR(F54<>1,H54=0),"n.a.",I54/H54)) | N54: =IF($A54="","",IF(G54<>"Dikirim","",IF(COUNTIFS(Sales_Harian!$A$8:$A$507,$B$4,Sales_Harian!$B$8:$B$507,$A54,Sales_Harian!$AB$8:$AB$507,"Disetujui")+COUNTIFS(SPV_Harian!$A$8:$A$507,$B$4,SPV_Harian!$B$8:$B$507,$A54,SPV_Harian!$AA$8:$AA$507,"Disetujui")+COUNTIFS(ASM_Harian!$A$8:$A$507,$B$4,ASM_Harian!$B$8:$B$507,$A54,ASM_Harian!$AA$8:$AA$507,"Disetujui")=1,IF(COUNTIFS(Sales_Harian!$A$8:$A$507,$B$4,Sales_Harian!$B$8:$B$507,$A54,Sales_Harian!$AM$8:$AM$507,"<>OK")+COUNTIFS(SPV_Harian!$A$8:$A$507,$B$4,SPV_Harian!$B$8:$B$507,$A54,SPV_Harian!$AL$8:$AL$507,"<>OK")+COUNTIFS(ASM_Harian!$A$8:$A$507,$B$4,ASM_Harian!$B$8:$B$507,$A54,ASM_Harian!$AL$8:$AL$507,"<>OK")>0,"Review belum valid","Disetujui"),IF(COUNTIFS(Sales_Harian!$A$8:$A$507,$B$4,Sales_Harian!$B$8:$B$507,$A54,Sales_Harian!$AB$8:$AB$507,"Perlu Perbaikan")+COUNTIFS(SPV_Harian!$A$8:$A$507,$B$4,SPV_Harian!$B$8:$B$507,$A54,SPV_Harian!$AA$8:$AA$507,"Perlu Perbaikan")+COUNTIFS(ASM_Harian!$A$8:$A$507,$B$4,ASM_Harian!$B$8:$B$507,$A54,ASM_Harian!$AA$8:$AA$507,"Perlu Perbaikan")=1,"Perlu Perbaikan","Belum Diperiksa")))) | O54: =IF($A54="","",IF(F54=0,"Belum ada laporan",IF(F54>1,"Hapus/benahi laporan ganda",IF(COUNTIFS(Sales_Harian!$A$8:$A$507,$B$4,Sales_Harian!$B$8:$B$507,$A54,Sales_Harian!$AM$8:$AM$507,"<>OK")+COUNTIFS(SPV_Harian!$A$8:$A$507,$B$4,SPV_Harian!$B$8:$B$507,$A54,SPV_Harian!$AL$8:$AL$507,"<>OK")+COUNTIFS(ASM_Harian!$A$8:$A$507,$B$4,ASM_Harian!$B$8:$B$507,$A54,ASM_Harian!$AL$8:$AL$507,"<>OK")>0,"Periksa validasi_data",IF(SUM(J54:K54)>0,"Ada kegiatan terbuka",IF(N54="Perlu Perbaikan","Tindak lanjuti review",IF(G54="Draft","Kirim laporan",IF(N54="Belum Diperiksa","Menunggu pemeriksaan",""))))))))
A55: =IF(AND(Master_PIC!A49<>"",Master_PIC!G49="Aktif",Master_PIC!C49<>"Manager"),Master_PIC!A49,"") | B55: =IF($A55="","",IF(Master_PIC!B49="","",Master_PIC!B49)) | C55: =IF($A55="","",IF(Master_PIC!C49="","",Master_PIC!C49)) | D55: =IF($A55="","",IF(Master_PIC!D49="","",Master_PIC!D49)) | E55: =IF($A55="","",IF(Master_PIC!E49="","",Master_PIC!E49)) | F55: =IF($A55="","",COUNTIFS(Sales_Harian!$A$8:$A$507,$B$4,Sales_Harian!$B$8:$B$507,$A55)+COUNTIFS(SPV_Harian!$A$8:$A$507,$B$4,SPV_Harian!$B$8:$B$507,$A55)+COUNTIFS(ASM_Harian!$A$8:$A$507,$B$4,ASM_Harian!$B$8:$B$507,$A55)) | G55: =IF($A55="","",IF(F55=0,"Belum Lapor",IF(F55>1,"Data Ganda",IF(COUNTIFS(Sales_Harian!$A$8:$A$507,$B$4,Sales_Harian!$B$8:$B$507,$A55,Sales_Harian!$Z$8:$Z$507,"Dikirim")+COUNTIFS(SPV_Harian!$A$8:$A$507,$B$4,SPV_Harian!$B$8:$B$507,$A55,SPV_Harian!$Y$8:$Y$507,"Dikirim")+COUNTIFS(ASM_Harian!$A$8:$A$507,$B$4,ASM_Harian!$B$8:$B$507,$A55,ASM_Harian!$Y$8:$Y$507,"Dikirim")=1,"Dikirim","Draft")))) | H55: =IF(OR($A55="",F55=0),"",SUMIFS(Sales_Harian!$AF$8:$AF$507,Sales_Harian!$A$8:$A$507,$B$4,Sales_Harian!$B$8:$B$507,$A55)+SUMIFS(SPV_Harian!$AE$8:$AE$507,SPV_Harian!$A$8:$A$507,$B$4,SPV_Harian!$B$8:$B$507,$A55)+SUMIFS(ASM_Harian!$AE$8:$AE$507,ASM_Harian!$A$8:$A$507,$B$4,ASM_Harian!$B$8:$B$507,$A55)) | I55: =IF(OR($A55="",F55=0),"",SUMIFS(Sales_Harian!$AG$8:$AG$507,Sales_Harian!$A$8:$A$507,$B$4,Sales_Harian!$B$8:$B$507,$A55)+SUMIFS(SPV_Harian!$AF$8:$AF$507,SPV_Harian!$A$8:$A$507,$B$4,SPV_Harian!$B$8:$B$507,$A55)+SUMIFS(ASM_Harian!$AF$8:$AF$507,ASM_Harian!$A$8:$A$507,$B$4,ASM_Harian!$B$8:$B$507,$A55)) | J55: =IF(OR($A55="",F55=0),"",SUMIFS(Sales_Harian!$AH$8:$AH$507,Sales_Harian!$A$8:$A$507,$B$4,Sales_Harian!$B$8:$B$507,$A55)+SUMIFS(SPV_Harian!$AG$8:$AG$507,SPV_Harian!$A$8:$A$507,$B$4,SPV_Harian!$B$8:$B$507,$A55)+SUMIFS(ASM_Harian!$AG$8:$AG$507,ASM_Harian!$A$8:$A$507,$B$4,ASM_Harian!$B$8:$B$507,$A55)) | K55: =IF(OR($A55="",F55=0),"",SUMIFS(Sales_Harian!$AI$8:$AI$507,Sales_Harian!$A$8:$A$507,$B$4,Sales_Harian!$B$8:$B$507,$A55)+SUMIFS(SPV_Harian!$AH$8:$AH$507,SPV_Harian!$A$8:$A$507,$B$4,SPV_Harian!$B$8:$B$507,$A55)+SUMIFS(ASM_Harian!$AH$8:$AH$507,ASM_Harian!$A$8:$A$507,$B$4,ASM_Harian!$B$8:$B$507,$A55)) | L55: =IF(OR($A55="",F55=0),"",SUMIFS(Sales_Harian!$AK$8:$AK$507,Sales_Harian!$A$8:$A$507,$B$4,Sales_Harian!$B$8:$B$507,$A55)+SUMIFS(SPV_Harian!$AJ$8:$AJ$507,SPV_Harian!$A$8:$A$507,$B$4,SPV_Harian!$B$8:$B$507,$A55)+SUMIFS(ASM_Harian!$AJ$8:$AJ$507,ASM_Harian!$A$8:$A$507,$B$4,ASM_Harian!$B$8:$B$507,$A55)) | M55: =IF($A55="","",IF(OR(F55<>1,H55=0),"n.a.",I55/H55)) | N55: =IF($A55="","",IF(G55<>"Dikirim","",IF(COUNTIFS(Sales_Harian!$A$8:$A$507,$B$4,Sales_Harian!$B$8:$B$507,$A55,Sales_Harian!$AB$8:$AB$507,"Disetujui")+COUNTIFS(SPV_Harian!$A$8:$A$507,$B$4,SPV_Harian!$B$8:$B$507,$A55,SPV_Harian!$AA$8:$AA$507,"Disetujui")+COUNTIFS(ASM_Harian!$A$8:$A$507,$B$4,ASM_Harian!$B$8:$B$507,$A55,ASM_Harian!$AA$8:$AA$507,"Disetujui")=1,IF(COUNTIFS(Sales_Harian!$A$8:$A$507,$B$4,Sales_Harian!$B$8:$B$507,$A55,Sales_Harian!$AM$8:$AM$507,"<>OK")+COUNTIFS(SPV_Harian!$A$8:$A$507,$B$4,SPV_Harian!$B$8:$B$507,$A55,SPV_Harian!$AL$8:$AL$507,"<>OK")+COUNTIFS(ASM_Harian!$A$8:$A$507,$B$4,ASM_Harian!$B$8:$B$507,$A55,ASM_Harian!$AL$8:$AL$507,"<>OK")>0,"Review belum valid","Disetujui"),IF(COUNTIFS(Sales_Harian!$A$8:$A$507,$B$4,Sales_Harian!$B$8:$B$507,$A55,Sales_Harian!$AB$8:$AB$507,"Perlu Perbaikan")+COUNTIFS(SPV_Harian!$A$8:$A$507,$B$4,SPV_Harian!$B$8:$B$507,$A55,SPV_Harian!$AA$8:$AA$507,"Perlu Perbaikan")+COUNTIFS(ASM_Harian!$A$8:$A$507,$B$4,ASM_Harian!$B$8:$B$507,$A55,ASM_Harian!$AA$8:$AA$507,"Perlu Perbaikan")=1,"Perlu Perbaikan","Belum Diperiksa")))) | O55: =IF($A55="","",IF(F55=0,"Belum ada laporan",IF(F55>1,"Hapus/benahi laporan ganda",IF(COUNTIFS(Sales_Harian!$A$8:$A$507,$B$4,Sales_Harian!$B$8:$B$507,$A55,Sales_Harian!$AM$8:$AM$507,"<>OK")+COUNTIFS(SPV_Harian!$A$8:$A$507,$B$4,SPV_Harian!$B$8:$B$507,$A55,SPV_Harian!$AL$8:$AL$507,"<>OK")+COUNTIFS(ASM_Harian!$A$8:$A$507,$B$4,ASM_Harian!$B$8:$B$507,$A55,ASM_Harian!$AL$8:$AL$507,"<>OK")>0,"Periksa validasi_data",IF(SUM(J55:K55)>0,"Ada kegiatan terbuka",IF(N55="Perlu Perbaikan","Tindak lanjuti review",IF(G55="Draft","Kirim laporan",IF(N55="Belum Diperiksa","Menunggu pemeriksaan",""))))))))
A56: =IF(AND(Master_PIC!A50<>"",Master_PIC!G50="Aktif",Master_PIC!C50<>"Manager"),Master_PIC!A50,"") | B56: =IF($A56="","",IF(Master_PIC!B50="","",Master_PIC!B50)) | C56: =IF($A56="","",IF(Master_PIC!C50="","",Master_PIC!C50)) | D56: =IF($A56="","",IF(Master_PIC!D50="","",Master_PIC!D50)) | E56: =IF($A56="","",IF(Master_PIC!E50="","",Master_PIC!E50)) | F56: =IF($A56="","",COUNTIFS(Sales_Harian!$A$8:$A$507,$B$4,Sales_Harian!$B$8:$B$507,$A56)+COUNTIFS(SPV_Harian!$A$8:$A$507,$B$4,SPV_Harian!$B$8:$B$507,$A56)+COUNTIFS(ASM_Harian!$A$8:$A$507,$B$4,ASM_Harian!$B$8:$B$507,$A56)) | G56: =IF($A56="","",IF(F56=0,"Belum Lapor",IF(F56>1,"Data Ganda",IF(COUNTIFS(Sales_Harian!$A$8:$A$507,$B$4,Sales_Harian!$B$8:$B$507,$A56,Sales_Harian!$Z$8:$Z$507,"Dikirim")+COUNTIFS(SPV_Harian!$A$8:$A$507,$B$4,SPV_Harian!$B$8:$B$507,$A56,SPV_Harian!$Y$8:$Y$507,"Dikirim")+COUNTIFS(ASM_Harian!$A$8:$A$507,$B$4,ASM_Harian!$B$8:$B$507,$A56,ASM_Harian!$Y$8:$Y$507,"Dikirim")=1,"Dikirim","Draft")))) | H56: =IF(OR($A56="",F56=0),"",SUMIFS(Sales_Harian!$AF$8:$AF$507,Sales_Harian!$A$8:$A$507,$B$4,Sales_Harian!$B$8:$B$507,$A56)+SUMIFS(SPV_Harian!$AE$8:$AE$507,SPV_Harian!$A$8:$A$507,$B$4,SPV_Harian!$B$8:$B$507,$A56)+SUMIFS(ASM_Harian!$AE$8:$AE$507,ASM_Harian!$A$8:$A$507,$B$4,ASM_Harian!$B$8:$B$507,$A56)) | I56: =IF(OR($A56="",F56=0),"",SUMIFS(Sales_Harian!$AG$8:$AG$507,Sales_Harian!$A$8:$A$507,$B$4,Sales_Harian!$B$8:$B$507,$A56)+SUMIFS(SPV_Harian!$AF$8:$AF$507,SPV_Harian!$A$8:$A$507,$B$4,SPV_Harian!$B$8:$B$507,$A56)+SUMIFS(ASM_Harian!$AF$8:$AF$507,ASM_Harian!$A$8:$A$507,$B$4,ASM_Harian!$B$8:$B$507,$A56)) | J56: =IF(OR($A56="",F56=0),"",SUMIFS(Sales_Harian!$AH$8:$AH$507,Sales_Harian!$A$8:$A$507,$B$4,Sales_Harian!$B$8:$B$507,$A56)+SUMIFS(SPV_Harian!$AG$8:$AG$507,SPV_Harian!$A$8:$A$507,$B$4,SPV_Harian!$B$8:$B$507,$A56)+SUMIFS(ASM_Harian!$AG$8:$AG$507,ASM_Harian!$A$8:$A$507,$B$4,ASM_Harian!$B$8:$B$507,$A56)) | K56: =IF(OR($A56="",F56=0),"",SUMIFS(Sales_Harian!$AI$8:$AI$507,Sales_Harian!$A$8:$A$507,$B$4,Sales_Harian!$B$8:$B$507,$A56)+SUMIFS(SPV_Harian!$AH$8:$AH$507,SPV_Harian!$A$8:$A$507,$B$4,SPV_Harian!$B$8:$B$507,$A56)+SUMIFS(ASM_Harian!$AH$8:$AH$507,ASM_Harian!$A$8:$A$507,$B$4,ASM_Harian!$B$8:$B$507,$A56)) | L56: =IF(OR($A56="",F56=0),"",SUMIFS(Sales_Harian!$AK$8:$AK$507,Sales_Harian!$A$8:$A$507,$B$4,Sales_Harian!$B$8:$B$507,$A56)+SUMIFS(SPV_Harian!$AJ$8:$AJ$507,SPV_Harian!$A$8:$A$507,$B$4,SPV_Harian!$B$8:$B$507,$A56)+SUMIFS(ASM_Harian!$AJ$8:$AJ$507,ASM_Harian!$A$8:$A$507,$B$4,ASM_Harian!$B$8:$B$507,$A56)) | M56: =IF($A56="","",IF(OR(F56<>1,H56=0),"n.a.",I56/H56)) | N56: =IF($A56="","",IF(G56<>"Dikirim","",IF(COUNTIFS(Sales_Harian!$A$8:$A$507,$B$4,Sales_Harian!$B$8:$B$507,$A56,Sales_Harian!$AB$8:$AB$507,"Disetujui")+COUNTIFS(SPV_Harian!$A$8:$A$507,$B$4,SPV_Harian!$B$8:$B$507,$A56,SPV_Harian!$AA$8:$AA$507,"Disetujui")+COUNTIFS(ASM_Harian!$A$8:$A$507,$B$4,ASM_Harian!$B$8:$B$507,$A56,ASM_Harian!$AA$8:$AA$507,"Disetujui")=1,IF(COUNTIFS(Sales_Harian!$A$8:$A$507,$B$4,Sales_Harian!$B$8:$B$507,$A56,Sales_Harian!$AM$8:$AM$507,"<>OK")+COUNTIFS(SPV_Harian!$A$8:$A$507,$B$4,SPV_Harian!$B$8:$B$507,$A56,SPV_Harian!$AL$8:$AL$507,"<>OK")+COUNTIFS(ASM_Harian!$A$8:$A$507,$B$4,ASM_Harian!$B$8:$B$507,$A56,ASM_Harian!$AL$8:$AL$507,"<>OK")>0,"Review belum valid","Disetujui"),IF(COUNTIFS(Sales_Harian!$A$8:$A$507,$B$4,Sales_Harian!$B$8:$B$507,$A56,Sales_Harian!$AB$8:$AB$507,"Perlu Perbaikan")+COUNTIFS(SPV_Harian!$A$8:$A$507,$B$4,SPV_Harian!$B$8:$B$507,$A56,SPV_Harian!$AA$8:$AA$507,"Perlu Perbaikan")+COUNTIFS(ASM_Harian!$A$8:$A$507,$B$4,ASM_Harian!$B$8:$B$507,$A56,ASM_Harian!$AA$8:$AA$507,"Perlu Perbaikan")=1,"Perlu Perbaikan","Belum Diperiksa")))) | O56: =IF($A56="","",IF(F56=0,"Belum ada laporan",IF(F56>1,"Hapus/benahi laporan ganda",IF(COUNTIFS(Sales_Harian!$A$8:$A$507,$B$4,Sales_Harian!$B$8:$B$507,$A56,Sales_Harian!$AM$8:$AM$507,"<>OK")+COUNTIFS(SPV_Harian!$A$8:$A$507,$B$4,SPV_Harian!$B$8:$B$507,$A56,SPV_Harian!$AL$8:$AL$507,"<>OK")+COUNTIFS(ASM_Harian!$A$8:$A$507,$B$4,ASM_Harian!$B$8:$B$507,$A56,ASM_Harian!$AL$8:$AL$507,"<>OK")>0,"Periksa validasi_data",IF(SUM(J56:K56)>0,"Ada kegiatan terbuka",IF(N56="Perlu Perbaikan","Tindak lanjuti review",IF(G56="Draft","Kirim laporan",IF(N56="Belum Diperiksa","Menunggu pemeriksaan",""))))))))
... A79: =IF(AND(Master_PIC!A73<>"",Master_PIC!G73="Aktif",Master_PIC!C73<>"Manager"),Master_PIC!A73,"") | B79: =IF($A79="","",IF(Master_PIC!B73="","",Master_PIC!B73)) | C79: =IF($A79="","",IF(Master_PIC!C73="","",Master_PIC!C73)) | D79: =IF($A79="","",IF(Master_PIC!D73="","",Master_PIC!D73)) | E79: =IF($A79="","",IF(Master_PIC!E73="","",Master_PIC!E73)) | F79: =IF($A79="","",COUNTIFS(Sales_Harian!$A$8:$A$507,$B$4,Sales_Harian!$B$8:$B$507,$A79)+COUNTIFS(SPV_Harian!$A$8:$A$507,$B$4,SPV_Harian!$B$8:$B$507,$A79)+COUNTIFS(ASM_Harian!$A$8:$A$507,$B$4,ASM_Harian!$B$8:$B$507,$A79)) | G79: =IF($A79="","",IF(F79=0,"Belum Lapor",IF(F79>1,"Data Ganda",IF(COUNTIFS(Sales_Harian!$A$8:$A$507,$B$4,Sales_Harian!$B$8:$B$507,$A79,Sales_Harian!$Z$8:$Z$507,"Dikirim")+COUNTIFS(SPV_Harian!$A$8:$A$507,$B$4,SPV_Harian!$B$8:$B$507,$A79,SPV_Harian!$Y$8:$Y$507,"Dikirim")+COUNTIFS(ASM_Harian!$A$8:$A$507,$B$4,ASM_Harian!$B$8:$B$507,$A79,ASM_Harian!$Y$8:$Y$507,"Dikirim")=1,"Dikirim","Draft")))) | H79: =IF(OR($A79="",F79=0),"",SUMIFS(Sales_Harian!$AF$8:$AF$507,Sales_Harian!$A$8:$A$507,$B$4,Sales_Harian!$B$8:$B$507,$A79)+SUMIFS(SPV_Harian!$AE$8:$AE$507,SPV_Harian!$A$8:$A$507,$B$4,SPV_Harian!$B$8:$B$507,$A79)+SUMIFS(ASM_Harian!$AE$8:$AE$507,ASM_Harian!$A$8:$A$507,$B$4,ASM_Harian!$B$8:$B$507,$A79)) | I79: =IF(OR($A79="",F79=0),"",SUMIFS(Sales_Harian!$AG$8:$AG$507,Sales_Harian!$A$8:$A$507,$B$4,Sales_Harian!$B$8:$B$507,$A79)+SUMIFS(SPV_Harian!$AF$8:$AF$507,SPV_Harian!$A$8:$A$507,$B$4,SPV_Harian!$B$8:$B$507,$A79)+SUMIFS(ASM_Harian!$AF$8:$AF$507,ASM_Harian!$A$8:$A$507,$B$4,ASM_Harian!$B$8:$B$507,$A79)) | J79: =IF(OR($A79="",F79=0),"",SUMIFS(Sales_Harian!$AH$8:$AH$507,Sales_Harian!$A$8:$A$507,$B$4,Sales_Harian!$B$8:$B$507,$A79)+SUMIFS(SPV_Harian!$AG$8:$AG$507,SPV_Harian!$A$8:$A$507,$B$4,SPV_Harian!$B$8:$B$507,$A79)+SUMIFS(ASM_Harian!$AG$8:$AG$507,ASM_Harian!$A$8:$A$507,$B$4,ASM_Harian!$B$8:$B$507,$A79)) | K79: =IF(OR($A79="",F79=0),"",SUMIFS(Sales_Harian!$AI$8:$AI$507,Sales_Harian!$A$8:$A$507,$B$4,Sales_Harian!$B$8:$B$507,$A79)+SUMIFS(SPV_Harian!$AH$8:$AH$507,SPV_Harian!$A$8:$A$507,$B$4,SPV_Harian!$B$8:$B$507,$A79)+SUMIFS(ASM_Harian!$AH$8:$AH$507,ASM_Harian!$A$8:$A$507,$B$4,ASM_Harian!$B$8:$B$507,$A79)) | L79: =IF(OR($A79="",F79=0),"",SUMIFS(Sales_Harian!$AK$8:$AK$507,Sales_Harian!$A$8:$A$507,$B$4,Sales_Harian!$B$8:$B$507,$A79)+SUMIFS(SPV_Harian!$AJ$8:$AJ$507,SPV_Harian!$A$8:$A$507,$B$4,SPV_Harian!$B$8:$B$507,$A79)+SUMIFS(ASM_Harian!$AJ$8:$AJ$507,ASM_Harian!$A$8:$A$507,$B$4,ASM_Harian!$B$8:$B$507,$A79)) | M79: =IF($A79="","",IF(OR(F79<>1,H79=0),"n.a.",I79/H79)) | N79: =IF($A79="","",IF(G79<>"Dikirim","",IF(COUNTIFS(Sales_Harian!$A$8:$A$507,$B$4,Sales_Harian!$B$8:$B$507,$A79,Sales_Harian!$AB$8:$AB$507,"Disetujui")+COUNTIFS(SPV_Harian!$A$8:$A$507,$B$4,SPV_Harian!$B$8:$B$507,$A79,SPV_Harian!$AA$8:$AA$507,"Disetujui")+COUNTIFS(ASM_Harian!$A$8:$A$507,$B$4,ASM_Harian!$B$8:$B$507,$A79,ASM_Harian!$AA$8:$AA$507,"Disetujui")=1,IF(COUNTIFS(Sales_Harian!$A$8:$A$507,$B$4,Sales_Harian!$B$8:$B$507,$A79,Sales_Harian!$AM$8:$AM$507,"<>OK")+COUNTIFS(SPV_Harian!$A$8:$A$507,$B$4,SPV_Harian!$B$8:$B$507,$A79,SPV_Harian!$AL$8:$AL$507,"<>OK")+COUNTIFS(ASM_Harian!$A$8:$A$507,$B$4,ASM_Harian!$B$8:$B$507,$A79,ASM_Harian!$AL$8:$AL$507,"<>OK")>0,"Review belum valid","Disetujui"),IF(COUNTIFS(Sales_Harian!$A$8:$A$507,$B$4,Sales_Harian!$B$8:$B$507,$A79,Sales_Harian!$AB$8:$AB$507,"Perlu Perbaikan")+COUNTIFS(SPV_Harian!$A$8:$A$507,$B$4,SPV_Harian!$B$8:$B$507,$A79,SPV_Harian!$AA$8:$AA$507,"Perlu Perbaikan")+COUNTIFS(ASM_Harian!$A$8:$A$507,$B$4,ASM_Harian!$B$8:$B$507,$A79,ASM_Harian!$AA$8:$AA$507,"Perlu Perbaikan")=1,"Perlu Perbaikan","Belum Diperiksa")))) | O79: =IF($A79="","",IF(F79=0,"Belum ada laporan",IF(F79>1,"Hapus/benahi laporan ganda",IF(COUNTIFS(Sales_Harian!$A$8:$A$507,$B$4,Sales_Harian!$B$8:$B$507,$A79,Sales_Harian!$AM$8:$AM$507,"<>OK")+COUNTIFS(SPV_Harian!$A$8:$A$507,$B$4,SPV_Harian!$B$8:$B$507,$A79,SPV_Harian!$AL$8:$AL$507,"<>OK")+COUNTIFS(ASM_Harian!$A$8:$A$507,$B$4,ASM_Harian!$B$8:$B$507,$A79,ASM_Harian!$AL$8:$AL$507,"<>OK")>0,"Periksa validasi_data",IF(SUM(J79:K79)>0,"Ada kegiatan terbuka",IF(N79="Perlu Perbaikan","Tindak lanjuti review",IF(G79="Draft","Kirim laporan",IF(N79="Belum Diperiksa","Menunggu pemeriksaan",""))))))))

Sheet Sales_Harian
A2: Surabraja — checklist harian Sales
A4: Satu baris = satu Sales per hari. 10 kegiatan harian dan 4 bersyarat. Pemeriksa: SPV.
A5: Kuning = isi manual. Abu-abu = rumus. Arti setiap kode kegiatan dan bukti minimum ada di Kamus_Kegiatan.
A7: tanggal | B7: id_pic | C7: nama_pic | D7: cabang | E7: area | F7: id_atasan | G7: S01_briefing | H7: S02_rute | I7: S03_stok_harga | J7: S04_kunjungan | K7: S05_kondisi_produk | L7: S06_display_fefo | M7: S07_penawaran | N7: S08_catat_kunjungan | O7: S09_info_pasar | P7: S10_laporan_rencana | Q7: S11_prospek | R7: S12_penagihan | S7: S13_retur_keluhan | T7: S14_order_kirim | U7: catatan_kendala_alasan | V7: tindak_lanjut | W7: id_pic_tindak_lanjut | X7: tenggat | Y7: link_bukti | Z7: status_laporan | AA7: waktu_kirim | AB7: hasil_review | AC7: id_pemeriksa | AD7: waktu_review | AE7: catatan_review | AF7: cek_berlaku | AG7: cek_selesai | AH7: cek_proses | AI7: cek_belum | AJ7: cek_tidak_berlaku | AK7: cek_kosong | AL7: persen_selesai | AM7: validasi_data
C8: =IF(COUNTIFS(Master_PIC!$A$8:$A$73,$B8)=1,IF(VLOOKUP($B8,Master_PIC!$A$8:$G$73,2,FALSE)="","",VLOOKUP($B8,Master_PIC!$A$8:$G$73,2,FALSE)),"") | D8: =IF(COUNTIFS(Master_PIC!$A$8:$A$73,$B8)=1,IF(VLOOKUP($B8,Master_PIC!$A$8:$G$73,4,FALSE)="","",VLOOKUP($B8,Master_PIC!$A$8:$G$73,4,FALSE)),"") | E8: =IF(COUNTIFS(Master_PIC!$A$8:$A$73,$B8)=1,IF(VLOOKUP($B8,Master_PIC!$A$8:$G$73,5,FALSE)="","",VLOOKUP($B8,Master_PIC!$A$8:$G$73,5,FALSE)),"") | F8: =IF(COUNTIFS(Master_PIC!$A$8:$A$73,$B8)=1,IF(VLOOKUP($B8,Master_PIC!$A$8:$G$73,6,FALSE)="","",VLOOKUP($B8,Master_PIC!$A$8:$G$73,6,FALSE)),"") | AF8: =IF(OR($A8<>"",$B8<>""),14-AJ8,"") | AG8: =IF(OR($A8<>"",$B8<>""),COUNTIFS(G8:T8,"Selesai"),"") | AH8: =IF(OR($A8<>"",$B8<>""),COUNTIFS(G8:T8,"Proses"),"") | AI8: =IF(OR($A8<>"",$B8<>""),COUNTIFS(G8:T8,"Belum"),"") | AJ8: =IF(OR($A8<>"",$B8<>""),COUNTIFS(G8:T8,"Tidak Berlaku"),"") | AK8: =IF(OR($A8<>"",$B8<>""),COUNTBLANK(G8:T8),"") | AL8: =IF(OR($A8<>"",$B8<>""),IF(AF8=0,"n.a.",AG8/AF8),"") | AM8: =IF(OR($A8<>"",$B8<>""),IF(OR($A8="",$B8=""),"Isi tanggal dan ID PIC",IF(NOT(ISNUMBER($A8)),"Tanggal harus berupa tanggal Excel",IF(COUNTIFS(Master_PIC!$A$8:$A$73,$B8)<>1,"ID PIC tidak unik/terdaftar",IF(VLOOKUP($B8,Master_PIC!$A$8:$G$73,3,FALSE)<>"Sales","Jabatan tidak sesuai sheet",IF(OR($C8="",$D8="",$E8="",$F8=""),"Lengkapi master PIC",IF(COUNTIFS($A$8:$A$507,$A8,$B$8:$B$507,$B8)>1,"Laporan ganda",IF(COUNTIFS(G8:P8,"Tidak Berlaku")>0,"N/A hanya untuk kegiatan bersyarat",IF(SUM(AG8,AH8,AI8,AJ8,AK8)<>14,"Status kegiatan tidak valid",IF(AK8>0,"Lengkapi status kegiatan",IF(AND(AJ8>0,U8=""),"Isi alasan Tidak Berlaku",IF(AND(SUM(AH8,AI8)>0,OR(U8="",V8="",W8="",X8="")),"Isi kendala dan tindak lanjut",IF(AND(Z8<>"Draft",Z8<>"Dikirim"),"Isi status laporan yang valid",IF(AND(AB8<>"",AB8<>"Belum Diperiksa",AB8<>"Disetujui",AB8<>"Perlu Perbaikan"),"Hasil review tidak valid",IF(AND(Z8="Dikirim",OR(Y8="",AA8="")),"Isi bukti dan waktu kirim",IF(AND(AB8="Disetujui",OR(Z8<>"Dikirim",AC8="",AD8="")),"Lengkapi pemeriksaan",IF(AND(AB8="Perlu Perbaikan",OR(AE8="",AC8="",AD8="")),"Isi pemeriksa dan catatan perbaikan","OK")))))))))))))))),"")
C9: =IF(COUNTIFS(Master_PIC!$A$8:$A$73,$B9)=1,IF(VLOOKUP($B9,Master_PIC!$A$8:$G$73,2,FALSE)="","",VLOOKUP($B9,Master_PIC!$A$8:$G$73,2,FALSE)),"") | D9: =IF(COUNTIFS(Master_PIC!$A$8:$A$73,$B9)=1,IF(VLOOKUP($B9,Master_PIC!$A$8:$G$73,4,FALSE)="","",VLOOKUP($B9,Master_PIC!$A$8:$G$73,4,FALSE)),"") | E9: =IF(COUNTIFS(Master_PIC!$A$8:$A$73,$B9)=1,IF(VLOOKUP($B9,Master_PIC!$A$8:$G$73,5,FALSE)="","",VLOOKUP($B9,Master_PIC!$A$8:$G$73,5,FALSE)),"") | F9: =IF(COUNTIFS(Master_PIC!$A$8:$A$73,$B9)=1,IF(VLOOKUP($B9,Master_PIC!$A$8:$G$73,6,FALSE)="","",VLOOKUP($B9,Master_PIC!$A$8:$G$73,6,FALSE)),"") | AF9: =IF(OR($A9<>"",$B9<>""),14-AJ9,"") | AG9: =IF(OR($A9<>"",$B9<>""),COUNTIFS(G9:T9,"Selesai"),"") | AH9: =IF(OR($A9<>"",$B9<>""),COUNTIFS(G9:T9,"Proses"),"") | AI9: =IF(OR($A9<>"",$B9<>""),COUNTIFS(G9:T9,"Belum"),"") | AJ9: =IF(OR($A9<>"",$B9<>""),COUNTIFS(G9:T9,"Tidak Berlaku"),"") | AK9: =IF(OR($A9<>"",$B9<>""),COUNTBLANK(G9:T9),"") | AL9: =IF(OR($A9<>"",$B9<>""),IF(AF9=0,"n.a.",AG9/AF9),"") | AM9: =IF(OR($A9<>"",$B9<>""),IF(OR($A9="",$B9=""),"Isi tanggal dan ID PIC",IF(NOT(ISNUMBER($A9)),"Tanggal harus berupa tanggal Excel",IF(COUNTIFS(Master_PIC!$A$8:$A$73,$B9)<>1,"ID PIC tidak unik/terdaftar",IF(VLOOKUP($B9,Master_PIC!$A$8:$G$73,3,FALSE)<>"Sales","Jabatan tidak sesuai sheet",IF(OR($C9="",$D9="",$E9="",$F9=""),"Lengkapi master PIC",IF(COUNTIFS($A$8:$A$507,$A9,$B$8:$B$507,$B9)>1,"Laporan ganda",IF(COUNTIFS(G9:P9,"Tidak Berlaku")>0,"N/A hanya untuk kegiatan bersyarat",IF(SUM(AG9,AH9,AI9,AJ9,AK9)<>14,"Status kegiatan tidak valid",IF(AK9>0,"Lengkapi status kegiatan",IF(AND(AJ9>0,U9=""),"Isi alasan Tidak Berlaku",IF(AND(SUM(AH9,AI9)>0,OR(U9="",V9="",W9="",X9="")),"Isi kendala dan tindak lanjut",IF(AND(Z9<>"Draft",Z9<>"Dikirim"),"Isi status laporan yang valid",IF(AND(AB9<>"",AB9<>"Belum Diperiksa",AB9<>"Disetujui",AB9<>"Perlu Perbaikan"),"Hasil review tidak valid",IF(AND(Z9="Dikirim",OR(Y9="",AA9="")),"Isi bukti dan waktu kirim",IF(AND(AB9="Disetujui",OR(Z9<>"Dikirim",AC9="",AD9="")),"Lengkapi pemeriksaan",IF(AND(AB9="Perlu Perbaikan",OR(AE9="",AC9="",AD9="")),"Isi pemeriksa dan catatan perbaikan","OK")))))))))))))))),"")
C10: =IF(COUNTIFS(Master_PIC!$A$8:$A$73,$B10)=1,IF(VLOOKUP($B10,Master_PIC!$A$8:$G$73,2,FALSE)="","",VLOOKUP($B10,Master_PIC!$A$8:$G$73,2,FALSE)),"") | D10: =IF(COUNTIFS(Master_PIC!$A$8:$A$73,$B10)=1,IF(VLOOKUP($B10,Master_PIC!$A$8:$G$73,4,FALSE)="","",VLOOKUP($B10,Master_PIC!$A$8:$G$73,4,FALSE)),"") | E10: =IF(COUNTIFS(Master_PIC!$A$8:$A$73,$B10)=1,IF(VLOOKUP($B10,Master_PIC!$A$8:$G$73,5,FALSE)="","",VLOOKUP($B10,Master_PIC!$A$8:$G$73,5,FALSE)),"") | F10: =IF(COUNTIFS(Master_PIC!$A$8:$A$73,$B10)=1,IF(VLOOKUP($B10,Master_PIC!$A$8:$G$73,6,FALSE)="","",VLOOKUP($B10,Master_PIC!$A$8:$G$73,6,FALSE)),"") | AF10: =IF(OR($A10<>"",$B10<>""),14-AJ10,"") | AG10: =IF(OR($A10<>"",$B10<>""),COUNTIFS(G10:T10,"Selesai"),"") | AH10: =IF(OR($A10<>"",$B10<>""),COUNTIFS(G10:T10,"Proses"),"") | AI10: =IF(OR($A10<>"",$B10<>""),COUNTIFS(G10:T10,"Belum"),"") | AJ10: =IF(OR($A10<>"",$B10<>""),COUNTIFS(G10:T10,"Tidak Berlaku"),"") | AK10: =IF(OR($A10<>"",$B10<>""),COUNTBLANK(G10:T10),"") | AL10: =IF(OR($A10<>"",$B10<>""),IF(AF10=0,"n.a.",AG10/AF10),"") | AM10: =IF(OR($A10<>"",$B10<>""),IF(OR($A10="",$B10=""),"Isi tanggal dan ID PIC",IF(NOT(ISNUMBER($A10)),"Tanggal harus berupa tanggal Excel",IF(COUNTIFS(Master_PIC!$A$8:$A$73,$B10)<>1,"ID PIC tidak unik/terdaftar",IF(VLOOKUP($B10,Master_PIC!$A$8:$G$73,3,FALSE)<>"Sales","Jabatan tidak sesuai sheet",IF(OR($C10="",$D10="",$E10="",$F10=""),"Lengkapi master PIC",IF(COUNTIFS($A$8:$A$507,$A10,$B$8:$B$507,$B10)>1,"Laporan ganda",IF(COUNTIFS(G10:P10,"Tidak Berlaku")>0,"N/A hanya untuk kegiatan bersyarat",IF(SUM(AG10,AH10,AI10,AJ10,AK10)<>14,"Status kegiatan tidak valid",IF(AK10>0,"Lengkapi status kegiatan",IF(AND(AJ10>0,U10=""),"Isi alasan Tidak Berlaku",IF(AND(SUM(AH10,AI10)>0,OR(U10="",V10="",W10="",X10="")),"Isi kendala dan tindak lanjut",IF(AND(Z10<>"Draft",Z10<>"Dikirim"),"Isi status laporan yang valid",IF(AND(AB10<>"",AB10<>"Belum Diperiksa",AB10<>"Disetujui",AB10<>"Perlu Perbaikan"),"Hasil review tidak valid",IF(AND(Z10="Dikirim",OR(Y10="",AA10="")),"Isi bukti dan waktu kirim",IF(AND(AB10="Disetujui",OR(Z10<>"Dikirim",AC10="",AD10="")),"Lengkapi pemeriksaan",IF(AND(AB10="Perlu Perbaikan",OR(AE10="",AC10="",AD10="")),"Isi pemeriksa dan catatan perbaikan","OK")))))))))))))))),"")
C11: =IF(COUNTIFS(Master_PIC!$A$8:$A$73,$B11)=1,IF(VLOOKUP($B11,Master_PIC!$A$8:$G$73,2,FALSE)="","",VLOOKUP($B11,Master_PIC!$A$8:$G$73,2,FALSE)),"") | D11: =IF(COUNTIFS(Master_PIC!$A$8:$A$73,$B11)=1,IF(VLOOKUP($B11,Master_PIC!$A$8:$G$73,4,FALSE)="","",VLOOKUP($B11,Master_PIC!$A$8:$G$73,4,FALSE)),"") | E11: =IF(COUNTIFS(Master_PIC!$A$8:$A$73,$B11)=1,IF(VLOOKUP($B11,Master_PIC!$A$8:$G$73,5,FALSE)="","",VLOOKUP($B11,Master_PIC!$A$8:$G$73,5,FALSE)),"") | F11: =IF(COUNTIFS(Master_PIC!$A$8:$A$73,$B11)=1,IF(VLOOKUP($B11,Master_PIC!$A$8:$G$73,6,FALSE)="","",VLOOKUP($B11,Master_PIC!$A$8:$G$73,6,FALSE)),"") | AF11: =IF(OR($A11<>"",$B11<>""),14-AJ11,"") | AG11: =IF(OR($A11<>"",$B11<>""),COUNTIFS(G11:T11,"Selesai"),"") | AH11: =IF(OR($A11<>"",$B11<>""),COUNTIFS(G11:T11,"Proses"),"") | AI11: =IF(OR($A11<>"",$B11<>""),COUNTIFS(G11:T11,"Belum"),"") | AJ11: =IF(OR($A11<>"",$B11<>""),COUNTIFS(G11:T11,"Tidak Berlaku"),"") | AK11: =IF(OR($A11<>"",$B11<>""),COUNTBLANK(G11:T11),"") | AL11: =IF(OR($A11<>"",$B11<>""),IF(AF11=0,"n.a.",AG11/AF11),"") | AM11: =IF(OR($A11<>"",$B11<>""),IF(OR($A11="",$B11=""),"Isi tanggal dan ID PIC",IF(NOT(ISNUMBER($A11)),"Tanggal harus berupa tanggal Excel",IF(COUNTIFS(Master_PIC!$A$8:$A$73,$B11)<>1,"ID PIC tidak unik/terdaftar",IF(VLOOKUP($B11,Master_PIC!$A$8:$G$73,3,FALSE)<>"Sales","Jabatan tidak sesuai sheet",IF(OR($C11="",$D11="",$E11="",$F11=""),"Lengkapi master PIC",IF(COUNTIFS($A$8:$A$507,$A11,$B$8:$B$507,$B11)>1,"Laporan ganda",IF(COUNTIFS(G11:P11,"Tidak Berlaku")>0,"N/A hanya untuk kegiatan bersyarat",IF(SUM(AG11,AH11,AI11,AJ11,AK11)<>14,"Status kegiatan tidak valid",IF(AK11>0,"Lengkapi status kegiatan",IF(AND(AJ11>0,U11=""),"Isi alasan Tidak Berlaku",IF(AND(SUM(AH11,AI11)>0,OR(U11="",V11="",W11="",X11="")),"Isi kendala dan tindak lanjut",IF(AND(Z11<>"Draft",Z11<>"Dikirim"),"Isi status laporan yang valid",IF(AND(AB11<>"",AB11<>"Belum Diperiksa",AB11<>"Disetujui",AB11<>"Perlu Perbaikan"),"Hasil review tidak valid",IF(AND(Z11="Dikirim",OR(Y11="",AA11="")),"Isi bukti dan waktu kirim",IF(AND(AB11="Disetujui",OR(Z11<>"Dikirim",AC11="",AD11="")),"Lengkapi pemeriksaan",IF(AND(AB11="Perlu Perbaikan",OR(AE11="",AC11="",AD11="")),"Isi pemeriksa dan catatan perbaikan","OK")))))))))))))))),"")
C12: =IF(COUNTIFS(Master_PIC!$A$8:$A$73,$B12)=1,IF(VLOOKUP($B12,Master_PIC!$A$8:$G$73,2,FALSE)="","",VLOOKUP($B12,Master_PIC!$A$8:$G$73,2,FALSE)),"") | D12: =IF(COUNTIFS(Master_PIC!$A$8:$A$73,$B12)=1,IF(VLOOKUP($B12,Master_PIC!$A$8:$G$73,4,FALSE)="","",VLOOKUP($B12,Master_PIC!$A$8:$G$73,4,FALSE)),"") | E12: =IF(COUNTIFS(Master_PIC!$A$8:$A$73,$B12)=1,IF(VLOOKUP($B12,Master_PIC!$A$8:$G$73,5,FALSE)="","",VLOOKUP($B12,Master_PIC!$A$8:$G$73,5,FALSE)),"") | F12: =IF(COUNTIFS(Master_PIC!$A$8:$A$73,$B12)=1,IF(VLOOKUP($B12,Master_PIC!$A$8:$G$73,6,FALSE)="","",VLOOKUP($B12,Master_PIC!$A$8:$G$73,6,FALSE)),"") | AF12: =IF(OR($A12<>"",$B12<>""),14-AJ12,"") | AG12: =IF(OR($A12<>"",$B12<>""),COUNTIFS(G12:T12,"Selesai"),"") | AH12: =IF(OR($A12<>"",$B12<>""),COUNTIFS(G12:T12,"Proses"),"") | AI12: =IF(OR($A12<>"",$B12<>""),COUNTIFS(G12:T12,"Belum"),"") | AJ12: =IF(OR($A12<>"",$B12<>""),COUNTIFS(G12:T12,"Tidak Berlaku"),"") | AK12: =IF(OR($A12<>"",$B12<>""),COUNTBLANK(G12:T12),"") | AL12: =IF(OR($A12<>"",$B12<>""),IF(AF12=0,"n.a.",AG12/AF12),"") | AM12: =IF(OR($A12<>"",$B12<>""),IF(OR($A12="",$B12=""),"Isi tanggal dan ID PIC",IF(NOT(ISNUMBER($A12)),"Tanggal harus berupa tanggal Excel",IF(COUNTIFS(Master_PIC!$A$8:$A$73,$B12)<>1,"ID PIC tidak unik/terdaftar",IF(VLOOKUP($B12,Master_PIC!$A$8:$G$73,3,FALSE)<>"Sales","Jabatan tidak sesuai sheet",IF(OR($C12="",$D12="",$E12="",$F12=""),"Lengkapi master PIC",IF(COUNTIFS($A$8:$A$507,$A12,$B$8:$B$507,$B12)>1,"Laporan ganda",IF(COUNTIFS(G12:P12,"Tidak Berlaku")>0,"N/A hanya untuk kegiatan bersyarat",IF(SUM(AG12,AH12,AI12,AJ12,AK12)<>14,"Status kegiatan tidak valid",IF(AK12>0,"Lengkapi status kegiatan",IF(AND(AJ12>0,U12=""),"Isi alasan Tidak Berlaku",IF(AND(SUM(AH12,AI12)>0,OR(U12="",V12="",W12="",X12="")),"Isi kendala dan tindak lanjut",IF(AND(Z12<>"Draft",Z12<>"Dikirim"),"Isi status laporan yang valid",IF(AND(AB12<>"",AB12<>"Belum Diperiksa",AB12<>"Disetujui",AB12<>"Perlu Perbaikan"),"Hasil review tidak valid",IF(AND(Z12="Dikirim",OR(Y12="",AA12="")),"Isi bukti dan waktu kirim",IF(AND(AB12="Disetujui",OR(Z12<>"Dikirim",AC12="",AD12="")),"Lengkapi pemeriksaan",IF(AND(AB12="Perlu Perbaikan",OR(AE12="",AC12="",AD12="")),"Isi pemeriksa dan catatan perbaikan","OK")))))))))))))))),"")
C13: =IF(COUNTIFS(Master_PIC!$A$8:$A$73,$B13)=1,IF(VLOOKUP($B13,Master_PIC!$A$8:$G$73,2,FALSE)="","",VLOOKUP($B13,Master_PIC!$A$8:$G$73,2,FALSE)),"") | D13: =IF(COUNTIFS(Master_PIC!$A$8:$A$73,$B13)=1,IF(VLOOKUP($B13,Master_PIC!$A$8:$G$73,4,FALSE)="","",VLOOKUP($B13,Master_PIC!$A$8:$G$73,4,FALSE)),"") | E13: =IF(COUNTIFS(Master_PIC!$A$8:$A$73,$B13)=1,IF(VLOOKUP($B13,Master_PIC!$A$8:$G$73,5,FALSE)="","",VLOOKUP($B13,Master_PIC!$A$8:$G$73,5,FALSE)),"") | F13: =IF(COUNTIFS(Master_PIC!$A$8:$A$73,$B13)=1,IF(VLOOKUP($B13,Master_PIC!$A$8:$G$73,6,FALSE)="","",VLOOKUP($B13,Master_PIC!$A$8:$G$73,6,FALSE)),"") | AF13: =IF(OR($A13<>"",$B13<>""),14-AJ13,"") | AG13: =IF(OR($A13<>"",$B13<>""),COUNTIFS(G13:T13,"Selesai"),"") | AH13: =IF(OR($A13<>"",$B13<>""),COUNTIFS(G13:T13,"Proses"),"") | AI13: =IF(OR($A13<>"",$B13<>""),COUNTIFS(G13:T13,"Belum"),"") | AJ13: =IF(OR($A13<>"",$B13<>""),COUNTIFS(G13:T13,"Tidak Berlaku"),"") | AK13: =IF(OR($A13<>"",$B13<>""),COUNTBLANK(G13:T13),"") | AL13: =IF(OR($A13<>"",$B13<>""),IF(AF13=0,"n.a.",AG13/AF13),"") | AM13: =IF(OR($A13<>"",$B13<>""),IF(OR($A13="",$B13=""),"Isi tanggal dan ID PIC",IF(NOT(ISNUMBER($A13)),"Tanggal harus berupa tanggal Excel",IF(COUNTIFS(Master_PIC!$A$8:$A$73,$B13)<>1,"ID PIC tidak unik/terdaftar",IF(VLOOKUP($B13,Master_PIC!$A$8:$G$73,3,FALSE)<>"Sales","Jabatan tidak sesuai sheet",IF(OR($C13="",$D13="",$E13="",$F13=""),"Lengkapi master PIC",IF(COUNTIFS($A$8:$A$507,$A13,$B$8:$B$507,$B13)>1,"Laporan ganda",IF(COUNTIFS(G13:P13,"Tidak Berlaku")>0,"N/A hanya untuk kegiatan bersyarat",IF(SUM(AG13,AH13,AI13,AJ13,AK13)<>14,"Status kegiatan tidak valid",IF(AK13>0,"Lengkapi status kegiatan",IF(AND(AJ13>0,U13=""),"Isi alasan Tidak Berlaku",IF(AND(SUM(AH13,AI13)>0,OR(U13="",V13="",W13="",X13="")),"Isi kendala dan tindak lanjut",IF(AND(Z13<>"Draft",Z13<>"Dikirim"),"Isi status laporan yang valid",IF(AND(AB13<>"",AB13<>"Belum Diperiksa",AB13<>"Disetujui",AB13<>"Perlu Perbaikan"),"Hasil review tidak valid",IF(AND(Z13="Dikirim",OR(Y13="",AA13="")),"Isi bukti dan waktu kirim",IF(AND(AB13="Disetujui",OR(Z13<>"Dikirim",AC13="",AD13="")),"Lengkapi pemeriksaan",IF(AND(AB13="Perlu Perbaikan",OR(AE13="",AC13="",AD13="")),"Isi pemeriksa dan catatan perbaikan","OK")))))))))))))))),"")
C14: =IF(COUNTIFS(Master_PIC!$A$8:$A$73,$B14)=1,IF(VLOOKUP($B14,Master_PIC!$A$8:$G$73,2,FALSE)="","",VLOOKUP($B14,Master_PIC!$A$8:$G$73,2,FALSE)),"") | D14: =IF(COUNTIFS(Master_PIC!$A$8:$A$73,$B14)=1,IF(VLOOKUP($B14,Master_PIC!$A$8:$G$73,4,FALSE)="","",VLOOKUP($B14,Master_PIC!$A$8:$G$73,4,FALSE)),"") | E14: =IF(COUNTIFS(Master_PIC!$A$8:$A$73,$B14)=1,IF(VLOOKUP($B14,Master_PIC!$A$8:$G$73,5,FALSE)="","",VLOOKUP($B14,Master_PIC!$A$8:$G$73,5,FALSE)),"") | F14: =IF(COUNTIFS(Master_PIC!$A$8:$A$73,$B14)=1,IF(VLOOKUP($B14,Master_PIC!$A$8:$G$73,6,FALSE)="","",VLOOKUP($B14,Master_PIC!$A$8:$G$73,6,FALSE)),"") | AF14: =IF(OR($A14<>"",$B14<>""),14-AJ14,"") | AG14: =IF(OR($A14<>"",$B14<>""),COUNTIFS(G14:T14,"Selesai"),"") | AH14: =IF(OR($A14<>"",$B14<>""),COUNTIFS(G14:T14,"Proses"),"") | AI14: =IF(OR($A14<>"",$B14<>""),COUNTIFS(G14:T14,"Belum"),"") | AJ14: =IF(OR($A14<>"",$B14<>""),COUNTIFS(G14:T14,"Tidak Berlaku"),"") | AK14: =IF(OR($A14<>"",$B14<>""),COUNTBLANK(G14:T14),"") | AL14: =IF(OR($A14<>"",$B14<>""),IF(AF14=0,"n.a.",AG14/AF14),"") | AM14: =IF(OR($A14<>"",$B14<>""),IF(OR($A14="",$B14=""),"Isi tanggal dan ID PIC",IF(NOT(ISNUMBER($A14)),"Tanggal harus berupa tanggal Excel",IF(COUNTIFS(Master_PIC!$A$8:$A$73,$B14)<>1,"ID PIC tidak unik/terdaftar",IF(VLOOKUP($B14,Master_PIC!$A$8:$G$73,3,FALSE)<>"Sales","Jabatan tidak sesuai sheet",IF(OR($C14="",$D14="",$E14="",$F14=""),"Lengkapi master PIC",IF(COUNTIFS($A$8:$A$507,$A14,$B$8:$B$507,$B14)>1,"Laporan ganda",IF(COUNTIFS(G14:P14,"Tidak Berlaku")>0,"N/A hanya untuk kegiatan bersyarat",IF(SUM(AG14,AH14,AI14,AJ14,AK14)<>14,"Status kegiatan tidak valid",IF(AK14>0,"Lengkapi status kegiatan",IF(AND(AJ14>0,U14=""),"Isi alasan Tidak Berlaku",IF(AND(SUM(AH14,AI14)>0,OR(U14="",V14="",W14="",X14="")),"Isi kendala dan tindak lanjut",IF(AND(Z14<>"Draft",Z14<>"Dikirim"),"Isi status laporan yang valid",IF(AND(AB14<>"",AB14<>"Belum Diperiksa",AB14<>"Disetujui",AB14<>"Perlu Perbaikan"),"Hasil review tidak valid",IF(AND(Z14="Dikirim",OR(Y14="",AA14="")),"Isi bukti dan waktu kirim",IF(AND(AB14="Disetujui",OR(Z14<>"Dikirim",AC14="",AD14="")),"Lengkapi pemeriksaan",IF(AND(AB14="Perlu Perbaikan",OR(AE14="",AC14="",AD14="")),"Isi pemeriksa dan catatan perbaikan","OK")))))))))))))))),"")
C15: =IF(COUNTIFS(Master_PIC!$A$8:$A$73,$B15)=1,IF(VLOOKUP($B15,Master_PIC!$A$8:$G$73,2,FALSE)="","",VLOOKUP($B15,Master_PIC!$A$8:$G$73,2,FALSE)),"") | D15: =IF(COUNTIFS(Master_PIC!$A$8:$A$73,$B15)=1,IF(VLOOKUP($B15,Master_PIC!$A$8:$G$73,4,FALSE)="","",VLOOKUP($B15,Master_PIC!$A$8:$G$73,4,FALSE)),"") | E15: =IF(COUNTIFS(Master_PIC!$A$8:$A$73,$B15)=1,IF(VLOOKUP($B15,Master_PIC!$A$8:$G$73,5,FALSE)="","",VLOOKUP($B15,Master_PIC!$A$8:$G$73,5,FALSE)),"") | F15: =IF(COUNTIFS(Master_PIC!$A$8:$A$73,$B15)=1,IF(VLOOKUP($B15,Master_PIC!$A$8:$G$73,6,FALSE)="","",VLOOKUP($B15,Master_PIC!$A$8:$G$73,6,FALSE)),"") | AF15: =IF(OR($A15<>"",$B15<>""),14-AJ15,"") | AG15: =IF(OR($A15<>"",$B15<>""),COUNTIFS(G15:T15,"Selesai"),"") | AH15: =IF(OR($A15<>"",$B15<>""),COUNTIFS(G15:T15,"Proses"),"") | AI15: =IF(OR($A15<>"",$B15<>""),COUNTIFS(G15:T15,"Belum"),"") | AJ15: =IF(OR($A15<>"",$B15<>""),COUNTIFS(G15:T15,"Tidak Berlaku"),"") | AK15: =IF(OR($A15<>"",$B15<>""),COUNTBLANK(G15:T15),"") | AL15: =IF(OR($A15<>"",$B15<>""),IF(AF15=0,"n.a.",AG15/AF15),"") | AM15: =IF(OR($A15<>"",$B15<>""),IF(OR($A15="",$B15=""),"Isi tanggal dan ID PIC",IF(NOT(ISNUMBER($A15)),"Tanggal harus berupa tanggal Excel",IF(COUNTIFS(Master_PIC!$A$8:$A$73,$B15)<>1,"ID PIC tidak unik/terdaftar",IF(VLOOKUP($B15,Master_PIC!$A$8:$G$73,3,FALSE)<>"Sales","Jabatan tidak sesuai sheet",IF(OR($C15="",$D15="",$E15="",$F15=""),"Lengkapi master PIC",IF(COUNTIFS($A$8:$A$507,$A15,$B$8:$B$507,$B15)>1,"Laporan ganda",IF(COUNTIFS(G15:P15,"Tidak Berlaku")>0,"N/A hanya untuk kegiatan bersyarat",IF(SUM(AG15,AH15,AI15,AJ15,AK15)<>14,"Status kegiatan tidak valid",IF(AK15>0,"Lengkapi status kegiatan",IF(AND(AJ15>0,U15=""),"Isi alasan Tidak Berlaku",IF(AND(SUM(AH15,AI15)>0,OR(U15="",V15="",W15="",X15="")),"Isi kendala dan tindak lanjut",IF(AND(Z15<>"Draft",Z15<>"Dikirim"),"Isi status laporan yang valid",IF(AND(AB15<>"",AB15<>"Belum Diperiksa",AB15<>"Disetujui",AB15<>"Perlu Perbaikan"),"Hasil review tidak valid",IF(AND(Z15="Dikirim",OR(Y15="",AA15="")),"Isi bukti dan waktu kirim",IF(AND(AB15="Disetujui",OR(Z15<>"Dikirim",AC15="",AD15="")),"Lengkapi pemeriksaan",IF(AND(AB15="Perlu Perbaikan",OR(AE15="",AC15="",AD15="")),"Isi pemeriksa dan catatan perbaikan","OK")))))))))))))))),"")
C16: =IF(COUNTIFS(Master_PIC!$A$8:$A$73,$B16)=1,IF(VLOOKUP($B16,Master_PIC!$A$8:$G$73,2,FALSE)="","",VLOOKUP($B16,Master_PIC!$A$8:$G$73,2,FALSE)),"") | D16: =IF(COUNTIFS(Master_PIC!$A$8:$A$73,$B16)=1,IF(VLOOKUP($B16,Master_PIC!$A$8:$G$73,4,FALSE)="","",VLOOKUP($B16,Master_PIC!$A$8:$G$73,4,FALSE)),"") | E16: =IF(COUNTIFS(Master_PIC!$A$8:$A$73,$B16)=1,IF(VLOOKUP($B16,Master_PIC!$A$8:$G$73,5,FALSE)="","",VLOOKUP($B16,Master_PIC!$A$8:$G$73,5,FALSE)),"") | F16: =IF(COUNTIFS(Master_PIC!$A$8:$A$73,$B16)=1,IF(VLOOKUP($B16,Master_PIC!$A$8:$G$73,6,FALSE)="","",VLOOKUP($B16,Master_PIC!$A$8:$G$73,6,FALSE)),"") | AF16: =IF(OR($A16<>"",$B16<>""),14-AJ16,"") | AG16: =IF(OR($A16<>"",$B16<>""),COUNTIFS(G16:T16,"Selesai"),"") | AH16: =IF(OR($A16<>"",$B16<>""),COUNTIFS(G16:T16,"Proses"),"") | AI16: =IF(OR($A16<>"",$B16<>""),COUNTIFS(G16:T16,"Belum"),"") | AJ16: =IF(OR($A16<>"",$B16<>""),COUNTIFS(G16:T16,"Tidak Berlaku"),"") | AK16: =IF(OR($A16<>"",$B16<>""),COUNTBLANK(G16:T16),"") | AL16: =IF(OR($A16<>"",$B16<>""),IF(AF16=0,"n.a.",AG16/AF16),"") | AM16: =IF(OR($A16<>"",$B16<>""),IF(OR($A16="",$B16=""),"Isi tanggal dan ID PIC",IF(NOT(ISNUMBER($A16)),"Tanggal harus berupa tanggal Excel",IF(COUNTIFS(Master_PIC!$A$8:$A$73,$B16)<>1,"ID PIC tidak unik/terdaftar",IF(VLOOKUP($B16,Master_PIC!$A$8:$G$73,3,FALSE)<>"Sales","Jabatan tidak sesuai sheet",IF(OR($C16="",$D16="",$E16="",$F16=""),"Lengkapi master PIC",IF(COUNTIFS($A$8:$A$507,$A16,$B$8:$B$507,$B16)>1,"Laporan ganda",IF(COUNTIFS(G16:P16,"Tidak Berlaku")>0,"N/A hanya untuk kegiatan bersyarat",IF(SUM(AG16,AH16,AI16,AJ16,AK16)<>14,"Status kegiatan tidak valid",IF(AK16>0,"Lengkapi status kegiatan",IF(AND(AJ16>0,U16=""),"Isi alasan Tidak Berlaku",IF(AND(SUM(AH16,AI16)>0,OR(U16="",V16="",W16="",X16="")),"Isi kendala dan tindak lanjut",IF(AND(Z16<>"Draft",Z16<>"Dikirim"),"Isi status laporan yang valid",IF(AND(AB16<>"",AB16<>"Belum Diperiksa",AB16<>"Disetujui",AB16<>"Perlu Perbaikan"),"Hasil review tidak valid",IF(AND(Z16="Dikirim",OR(Y16="",AA16="")),"Isi bukti dan waktu kirim",IF(AND(AB16="Disetujui",OR(Z16<>"Dikirim",AC16="",AD16="")),"Lengkapi pemeriksaan",IF(AND(AB16="Perlu Perbaikan",OR(AE16="",AC16="",AD16="")),"Isi pemeriksa dan catatan perbaikan","OK")))))))))))))))),"")
C17: =IF(COUNTIFS(Master_PIC!$A$8:$A$73,$B17)=1,IF(VLOOKUP($B17,Master_PIC!$A$8:$G$73,2,FALSE)="","",VLOOKUP($B17,Master_PIC!$A$8:$G$73,2,FALSE)),"") | D17: =IF(COUNTIFS(Master_PIC!$A$8:$A$73,$B17)=1,IF(VLOOKUP($B17,Master_PIC!$A$8:$G$73,4,FALSE)="","",VLOOKUP($B17,Master_PIC!$A$8:$G$73,4,FALSE)),"") | E17: =IF(COUNTIFS(Master_PIC!$A$8:$A$73,$B17)=1,IF(VLOOKUP($B17,Master_PIC!$A$8:$G$73,5,FALSE)="","",VLOOKUP($B17,Master_PIC!$A$8:$G$73,5,FALSE)),"") | F17: =IF(COUNTIFS(Master_PIC!$A$8:$A$73,$B17)=1,IF(VLOOKUP($B17,Master_PIC!$A$8:$G$73,6,FALSE)="","",VLOOKUP($B17,Master_PIC!$A$8:$G$73,6,FALSE)),"") | AF17: =IF(OR($A17<>"",$B17<>""),14-AJ17,"") | AG17: =IF(OR($A17<>"",$B17<>""),COUNTIFS(G17:T17,"Selesai"),"") | AH17: =IF(OR($A17<>"",$B17<>""),COUNTIFS(G17:T17,"Proses"),"") | AI17: =IF(OR($A17<>"",$B17<>""),COUNTIFS(G17:T17,"Belum"),"") | AJ17: =IF(OR($A17<>"",$B17<>""),COUNTIFS(G17:T17,"Tidak Berlaku"),"") | AK17: =IF(OR($A17<>"",$B17<>""),COUNTBLANK(G17:T17),"") | AL17: =IF(OR($A17<>"",$B17<>""),IF(AF17=0,"n.a.",AG17/AF17),"") | AM17: =IF(OR($A17<>"",$B17<>""),IF(OR($A17="",$B17=""),"Isi tanggal dan ID PIC",IF(NOT(ISNUMBER($A17)),"Tanggal harus berupa tanggal Excel",IF(COUNTIFS(Master_PIC!$A$8:$A$73,$B17)<>1,"ID PIC tidak unik/terdaftar",IF(VLOOKUP($B17,Master_PIC!$A$8:$G$73,3,FALSE)<>"Sales","Jabatan tidak sesuai sheet",IF(OR($C17="",$D17="",$E17="",$F17=""),"Lengkapi master PIC",IF(COUNTIFS($A$8:$A$507,$A17,$B$8:$B$507,$B17)>1,"Laporan ganda",IF(COUNTIFS(G17:P17,"Tidak Berlaku")>0,"N/A hanya untuk kegiatan bersyarat",IF(SUM(AG17,AH17,AI17,AJ17,AK17)<>14,"Status kegiatan tidak valid",IF(AK17>0,"Lengkapi status kegiatan",IF(AND(AJ17>0,U17=""),"Isi alasan Tidak Berlaku",IF(AND(SUM(AH17,AI17)>0,OR(U17="",V17="",W17="",X17="")),"Isi kendala dan tindak lanjut",IF(AND(Z17<>"Draft",Z17<>"Dikirim"),"Isi status laporan yang valid",IF(AND(AB17<>"",AB17<>"Belum Diperiksa",AB17<>"Disetujui",AB17<>"Perlu Perbaikan"),"Hasil review tidak valid",IF(AND(Z17="Dikirim",OR(Y17="",AA17="")),"Isi bukti dan waktu kirim",IF(AND(AB17="Disetujui",OR(Z17<>"Dikirim",AC17="",AD17="")),"Lengkapi pemeriksaan",IF(AND(AB17="Perlu Perbaikan",OR(AE17="",AC17="",AD17="")),"Isi pemeriksa dan catatan perbaikan","OK")))))))))))))))),"")
C18: =IF(COUNTIFS(Master_PIC!$A$8:$A$73,$B18)=1,IF(VLOOKUP($B18,Master_PIC!$A$8:$G$73,2,FALSE)="","",VLOOKUP($B18,Master_PIC!$A$8:$G$73,2,FALSE)),"") | D18: =IF(COUNTIFS(Master_PIC!$A$8:$A$73,$B18)=1,IF(VLOOKUP($B18,Master_PIC!$A$8:$G$73,4,FALSE)="","",VLOOKUP($B18,Master_PIC!$A$8:$G$73,4,FALSE)),"") | E18: =IF(COUNTIFS(Master_PIC!$A$8:$A$73,$B18)=1,IF(VLOOKUP($B18,Master_PIC!$A$8:$G$73,5,FALSE)="","",VLOOKUP($B18,Master_PIC!$A$8:$G$73,5,FALSE)),"") | F18: =IF(COUNTIFS(Master_PIC!$A$8:$A$73,$B18)=1,IF(VLOOKUP($B18,Master_PIC!$A$8:$G$73,6,FALSE)="","",VLOOKUP($B18,Master_PIC!$A$8:$G$73,6,FALSE)),"") | AF18: =IF(OR($A18<>"",$B18<>""),14-AJ18,"") | AG18: =IF(OR($A18<>"",$B18<>""),COUNTIFS(G18:T18,"Selesai"),"") | AH18: =IF(OR($A18<>"",$B18<>""),COUNTIFS(G18:T18,"Proses"),"") | AI18: =IF(OR($A18<>"",$B18<>""),COUNTIFS(G18:T18,"Belum"),"") | AJ18: =IF(OR($A18<>"",$B18<>""),COUNTIFS(G18:T18,"Tidak Berlaku"),"") | AK18: =IF(OR($A18<>"",$B18<>""),COUNTBLANK(G18:T18),"") | AL18: =IF(OR($A18<>"",$B18<>""),IF(AF18=0,"n.a.",AG18/AF18),"") | AM18: =IF(OR($A18<>"",$B18<>""),IF(OR($A18="",$B18=""),"Isi tanggal dan ID PIC",IF(NOT(ISNUMBER($A18)),"Tanggal harus berupa tanggal Excel",IF(COUNTIFS(Master_PIC!$A$8:$A$73,$B18)<>1,"ID PIC tidak unik/terdaftar",IF(VLOOKUP($B18,Master_PIC!$A$8:$G$73,3,FALSE)<>"Sales","Jabatan tidak sesuai sheet",IF(OR($C18="",$D18="",$E18="",$F18=""),"Lengkapi master PIC",IF(COUNTIFS($A$8:$A$507,$A18,$B$8:$B$507,$B18)>1,"Laporan ganda",IF(COUNTIFS(G18:P18,"Tidak Berlaku")>0,"N/A hanya untuk kegiatan bersyarat",IF(SUM(AG18,AH18,AI18,AJ18,AK18)<>14,"Status kegiatan tidak valid",IF(AK18>0,"Lengkapi status kegiatan",IF(AND(AJ18>0,U18=""),"Isi alasan Tidak Berlaku",IF(AND(SUM(AH18,AI18)>0,OR(U18="",V18="",W18="",X18="")),"Isi kendala dan tindak lanjut",IF(AND(Z18<>"Draft",Z18<>"Dikirim"),"Isi status laporan yang valid",IF(AND(AB18<>"",AB18<>"Belum Diperiksa",AB18<>"Disetujui",AB18<>"Perlu Perbaikan"),"Hasil review tidak valid",IF(AND(Z18="Dikirim",OR(Y18="",AA18="")),"Isi bukti dan waktu kirim",IF(AND(AB18="Disetujui",OR(Z18<>"Dikirim",AC18="",AD18="")),"Lengkapi pemeriksaan",IF(AND(AB18="Perlu Perbaikan",OR(AE18="",AC18="",AD18="")),"Isi pemeriksa dan catatan perbaikan","OK")))))))))))))))),"")
C19: =IF(COUNTIFS(Master_PIC!$A$8:$A$73,$B19)=1,IF(VLOOKUP($B19,Master_PIC!$A$8:$G$73,2,FALSE)="","",VLOOKUP($B19,Master_PIC!$A$8:$G$73,2,FALSE)),"") | D19: =IF(COUNTIFS(Master_PIC!$A$8:$A$73,$B19)=1,IF(VLOOKUP($B19,Master_PIC!$A$8:$G$73,4,FALSE)="","",VLOOKUP($B19,Master_PIC!$A$8:$G$73,4,FALSE)),"") | E19: =IF(COUNTIFS(Master_PIC!$A$8:$A$73,$B19)=1,IF(VLOOKUP($B19,Master_PIC!$A$8:$G$73,5,FALSE)="","",VLOOKUP($B19,Master_PIC!$A$8:$G$73,5,FALSE)),"") | F19: =IF(COUNTIFS(Master_PIC!$A$8:$A$73,$B19)=1,IF(VLOOKUP($B19,Master_PIC!$A$8:$G$73,6,FALSE)="","",VLOOKUP($B19,Master_PIC!$A$8:$G$73,6,FALSE)),"") | AF19: =IF(OR($A19<>"",$B19<>""),14-AJ19,"") | AG19: =IF(OR($A19<>"",$B19<>""),COUNTIFS(G19:T19,"Selesai"),"") | AH19: =IF(OR($A19<>"",$B19<>""),COUNTIFS(G19:T19,"Proses"),"") | AI19: =IF(OR($A19<>"",$B19<>""),COUNTIFS(G19:T19,"Belum"),"") | AJ19: =IF(OR($A19<>"",$B19<>""),COUNTIFS(G19:T19,"Tidak Berlaku"),"") | AK19: =IF(OR($A19<>"",$B19<>""),COUNTBLANK(G19:T19),"") | AL19: =IF(OR($A19<>"",$B19<>""),IF(AF19=0,"n.a.",AG19/AF19),"") | AM19: =IF(OR($A19<>"",$B19<>""),IF(OR($A19="",$B19=""),"Isi tanggal dan ID PIC",IF(NOT(ISNUMBER($A19)),"Tanggal harus berupa tanggal Excel",IF(COUNTIFS(Master_PIC!$A$8:$A$73,$B19)<>1,"ID PIC tidak unik/terdaftar",IF(VLOOKUP($B19,Master_PIC!$A$8:$G$73,3,FALSE)<>"Sales","Jabatan tidak sesuai sheet",IF(OR($C19="",$D19="",$E19="",$F19=""),"Lengkapi master PIC",IF(COUNTIFS($A$8:$A$507,$A19,$B$8:$B$507,$B19)>1,"Laporan ganda",IF(COUNTIFS(G19:P19,"Tidak Berlaku")>0,"N/A hanya untuk kegiatan bersyarat",IF(SUM(AG19,AH19,AI19,AJ19,AK19)<>14,"Status kegiatan tidak valid",IF(AK19>0,"Lengkapi status kegiatan",IF(AND(AJ19>0,U19=""),"Isi alasan Tidak Berlaku",IF(AND(SUM(AH19,AI19)>0,OR(U19="",V19="",W19="",X19="")),"Isi kendala dan tindak lanjut",IF(AND(Z19<>"Draft",Z19<>"Dikirim"),"Isi status laporan yang valid",IF(AND(AB19<>"",AB19<>"Belum Diperiksa",AB19<>"Disetujui",AB19<>"Perlu Perbaikan"),"Hasil review tidak valid",IF(AND(Z19="Dikirim",OR(Y19="",AA19="")),"Isi bukti dan waktu kirim",IF(AND(AB19="Disetujui",OR(Z19<>"Dikirim",AC19="",AD19="")),"Lengkapi pemeriksaan",IF(AND(AB19="Perlu Perbaikan",OR(AE19="",AC19="",AD19="")),"Isi pemeriksa dan catatan perbaikan","OK")))))))))))))))),"")
... C507: =IF(COUNTIFS(Master_PIC!$A$8:$A$73,$B507)=1,IF(VLOOKUP($B507,Master_PIC!$A$8:$G$73,2,FALSE)="","",VLOOKUP($B507,Master_PIC!$A$8:$G$73,2,FALSE)),"") | D507: =IF(COUNTIFS(Master_PIC!$A$8:$A$73,$B507)=1,IF(VLOOKUP($B507,Master_PIC!$A$8:$G$73,4,FALSE)="","",VLOOKUP($B507,Master_PIC!$A$8:$G$73,4,FALSE)),"") | E507: =IF(COUNTIFS(Master_PIC!$A$8:$A$73,$B507)=1,IF(VLOOKUP($B507,Master_PIC!$A$8:$G$73,5,FALSE)="","",VLOOKUP($B507,Master_PIC!$A$8:$G$73,5,FALSE)),"") | F507: =IF(COUNTIFS(Master_PIC!$A$8:$A$73,$B507)=1,IF(VLOOKUP($B507,Master_PIC!$A$8:$G$73,6,FALSE)="","",VLOOKUP($B507,Master_PIC!$A$8:$G$73,6,FALSE)),"") | AF507: =IF(OR($A507<>"",$B507<>""),14-AJ507,"") | AG507: =IF(OR($A507<>"",$B507<>""),COUNTIFS(G507:T507,"Selesai"),"") | AH507: =IF(OR($A507<>"",$B507<>""),COUNTIFS(G507:T507,"Proses"),"") | AI507: =IF(OR($A507<>"",$B507<>""),COUNTIFS(G507:T507,"Belum"),"") | AJ507: =IF(OR($A507<>"",$B507<>""),COUNTIFS(G507:T507,"Tidak Berlaku"),"") | AK507: =IF(OR($A507<>"",$B507<>""),COUNTBLANK(G507:T507),"") | AL507: =IF(OR($A507<>"",$B507<>""),IF(AF507=0,"n.a.",AG507/AF507),"") | AM507: =IF(OR($A507<>"",$B507<>""),IF(OR($A507="",$B507=""),"Isi tanggal dan ID PIC",IF(NOT(ISNUMBER($A507)),"Tanggal harus berupa tanggal Excel",IF(COUNTIFS(Master_PIC!$A$8:$A$73,$B507)<>1,"ID PIC tidak unik/terdaftar",IF(VLOOKUP($B507,Master_PIC!$A$8:$G$73,3,FALSE)<>"Sales","Jabatan tidak sesuai sheet",IF(OR($C507="",$D507="",$E507="",$F507=""),"Lengkapi master PIC",IF(COUNTIFS($A$8:$A$507,$A507,$B$8:$B$507,$B507)>1,"Laporan ganda",IF(COUNTIFS(G507:P507,"Tidak Berlaku")>0,"N/A hanya untuk kegiatan bersyarat",IF(SUM(AG507,AH507,AI507,AJ507,AK507)<>14,"Status kegiatan tidak valid",IF(AK507>0,"Lengkapi status kegiatan",IF(AND(AJ507>0,U507=""),"Isi alasan Tidak Berlaku",IF(AND(SUM(AH507,AI507)>0,OR(U507="",V507="",W507="",X507="")),"Isi kendala dan tindak lanjut",IF(AND(Z507<>"Draft",Z507<>"Dikirim"),"Isi status laporan yang valid",IF(AND(AB507<>"",AB507<>"Belum Diperiksa",AB507<>"Disetujui",AB507<>"Perlu Perbaikan"),"Hasil review tidak valid",IF(AND(Z507="Dikirim",OR(Y507="",AA507="")),"Isi bukti dan waktu kirim",IF(AND(AB507="Disetujui",OR(Z507<>"Dikirim",AC507="",AD507="")),"Lengkapi pemeriksaan",IF(AND(AB507="Perlu Perbaikan",OR(AE507="",AC507="",AD507="")),"Isi pemeriksa dan catatan perbaikan","OK")))))))))))))))),"")

Sheet SPV_Harian
A2: Surabraja — checklist harian SPV
A4: Satu baris = satu SPV per hari. 9 kegiatan harian dan 4 bersyarat. Pemeriksa: ASM.
A5: Kuning = isi manual. Abu-abu = rumus. Arti setiap kode kegiatan dan bukti minimum ada di Kamus_Kegiatan.
A7: tanggal | B7: id_pic | C7: nama_pic | D7: cabang | E7: area | F7: id_atasan | G7: P01_briefing | H7: P02_absen_rute | I7: P03_stok_program | J7: P04_pantau_kunjungan | K7: P05_temuan_outlet | L7: P06_catatan_sales | M7: P07_tindak_lanjut | N7: P08_rencana_tim | O7: P09_review_laporan | P7: P10_joint_visit | Q7: P11_outlet_kasus | R7: P12_piutang_retur | S7: P13_ubah_penugasan | T7: catatan_kendala_alasan | U7: tindak_lanjut | V7: id_pic_tindak_lanjut | W7: tenggat | X7: link_bukti | Y7: status_laporan | Z7: waktu_kirim | AA7: hasil_review | AB7: id_pemeriksa | AC7: waktu_review | AD7: catatan_review | AE7: cek_berlaku | AF7: cek_selesai | AG7: cek_proses | AH7: cek_belum | AI7: cek_tidak_berlaku | AJ7: cek_kosong | AK7: persen_selesai | AL7: validasi_data
C8: =IF(COUNTIFS(Master_PIC!$A$8:$A$73,$B8)=1,IF(VLOOKUP($B8,Master_PIC!$A$8:$G$73,2,FALSE)="","",VLOOKUP($B8,Master_PIC!$A$8:$G$73,2,FALSE)),"") | D8: =IF(COUNTIFS(Master_PIC!$A$8:$A$73,$B8)=1,IF(VLOOKUP($B8,Master_PIC!$A$8:$G$73,4,FALSE)="","",VLOOKUP($B8,Master_PIC!$A$8:$G$73,4,FALSE)),"") | E8: =IF(COUNTIFS(Master_PIC!$A$8:$A$73,$B8)=1,IF(VLOOKUP($B8,Master_PIC!$A$8:$G$73,5,FALSE)="","",VLOOKUP($B8,Master_PIC!$A$8:$G$73,5,FALSE)),"") | F8: =IF(COUNTIFS(Master_PIC!$A$8:$A$73,$B8)=1,IF(VLOOKUP($B8,Master_PIC!$A$8:$G$73,6,FALSE)="","",VLOOKUP($B8,Master_PIC!$A$8:$G$73,6,FALSE)),"") | AE8: =IF(OR($A8<>"",$B8<>""),13-AI8,"") | AF8: =IF(OR($A8<>"",$B8<>""),COUNTIFS(G8:S8,"Selesai"),"") | AG8: =IF(OR($A8<>"",$B8<>""),COUNTIFS(G8:S8,"Proses"),"") | AH8: =IF(OR($A8<>"",$B8<>""),COUNTIFS(G8:S8,"Belum"),"") | AI8: =IF(OR($A8<>"",$B8<>""),COUNTIFS(G8:S8,"Tidak Berlaku"),"") | AJ8: =IF(OR($A8<>"",$B8<>""),COUNTBLANK(G8:S8),"") | AK8: =IF(OR($A8<>"",$B8<>""),IF(AE8=0,"n.a.",AF8/AE8),"") | AL8: =IF(OR($A8<>"",$B8<>""),IF(OR($A8="",$B8=""),"Isi tanggal dan ID PIC",IF(NOT(ISNUMBER($A8)),"Tanggal harus berupa tanggal Excel",IF(COUNTIFS(Master_PIC!$A$8:$A$73,$B8)<>1,"ID PIC tidak unik/terdaftar",IF(VLOOKUP($B8,Master_PIC!$A$8:$G$73,3,FALSE)<>"SPV","Jabatan tidak sesuai sheet",IF(OR($C8="",$D8="",$E8="",$F8=""),"Lengkapi master PIC",IF(COUNTIFS($A$8:$A$507,$A8,$B$8:$B$507,$B8)>1,"Laporan ganda",IF(COUNTIFS(G8:O8,"Tidak Berlaku")>0,"N/A hanya untuk kegiatan bersyarat",IF(SUM(AF8,AG8,AH8,AI8,AJ8)<>13,"Status kegiatan tidak valid",IF(AJ8>0,"Lengkapi status kegiatan",IF(AND(AI8>0,T8=""),"Isi alasan Tidak Berlaku",IF(AND(SUM(AG8,AH8)>0,OR(T8="",U8="",V8="",W8="")),"Isi kendala dan tindak lanjut",IF(AND(Y8<>"Draft",Y8<>"Dikirim"),"Isi status laporan yang valid",IF(AND(AA8<>"",AA8<>"Belum Diperiksa",AA8<>"Disetujui",AA8<>"Perlu Perbaikan"),"Hasil review tidak valid",IF(AND(Y8="Dikirim",OR(X8="",Z8="")),"Isi bukti dan waktu kirim",IF(AND(AA8="Disetujui",OR(Y8<>"Dikirim",AB8="",AC8="")),"Lengkapi pemeriksaan",IF(AND(AA8="Perlu Perbaikan",OR(AD8="",AB8="",AC8="")),"Isi pemeriksa dan catatan perbaikan","OK")))))))))))))))),"")
C9: =IF(COUNTIFS(Master_PIC!$A$8:$A$73,$B9)=1,IF(VLOOKUP($B9,Master_PIC!$A$8:$G$73,2,FALSE)="","",VLOOKUP($B9,Master_PIC!$A$8:$G$73,2,FALSE)),"") | D9: =IF(COUNTIFS(Master_PIC!$A$8:$A$73,$B9)=1,IF(VLOOKUP($B9,Master_PIC!$A$8:$G$73,4,FALSE)="","",VLOOKUP($B9,Master_PIC!$A$8:$G$73,4,FALSE)),"") | E9: =IF(COUNTIFS(Master_PIC!$A$8:$A$73,$B9)=1,IF(VLOOKUP($B9,Master_PIC!$A$8:$G$73,5,FALSE)="","",VLOOKUP($B9,Master_PIC!$A$8:$G$73,5,FALSE)),"") | F9: =IF(COUNTIFS(Master_PIC!$A$8:$A$73,$B9)=1,IF(VLOOKUP($B9,Master_PIC!$A$8:$G$73,6,FALSE)="","",VLOOKUP($B9,Master_PIC!$A$8:$G$73,6,FALSE)),"") | AE9: =IF(OR($A9<>"",$B9<>""),13-AI9,"") | AF9: =IF(OR($A9<>"",$B9<>""),COUNTIFS(G9:S9,"Selesai"),"") | AG9: =IF(OR($A9<>"",$B9<>""),COUNTIFS(G9:S9,"Proses"),"") | AH9: =IF(OR($A9<>"",$B9<>""),COUNTIFS(G9:S9,"Belum"),"") | AI9: =IF(OR($A9<>"",$B9<>""),COUNTIFS(G9:S9,"Tidak Berlaku"),"") | AJ9: =IF(OR($A9<>"",$B9<>""),COUNTBLANK(G9:S9),"") | AK9: =IF(OR($A9<>"",$B9<>""),IF(AE9=0,"n.a.",AF9/AE9),"") | AL9: =IF(OR($A9<>"",$B9<>""),IF(OR($A9="",$B9=""),"Isi tanggal dan ID PIC",IF(NOT(ISNUMBER($A9)),"Tanggal harus berupa tanggal Excel",IF(COUNTIFS(Master_PIC!$A$8:$A$73,$B9)<>1,"ID PIC tidak unik/terdaftar",IF(VLOOKUP($B9,Master_PIC!$A$8:$G$73,3,FALSE)<>"SPV","Jabatan tidak sesuai sheet",IF(OR($C9="",$D9="",$E9="",$F9=""),"Lengkapi master PIC",IF(COUNTIFS($A$8:$A$507,$A9,$B$8:$B$507,$B9)>1,"Laporan ganda",IF(COUNTIFS(G9:O9,"Tidak Berlaku")>0,"N/A hanya untuk kegiatan bersyarat",IF(SUM(AF9,AG9,AH9,AI9,AJ9)<>13,"Status kegiatan tidak valid",IF(AJ9>0,"Lengkapi status kegiatan",IF(AND(AI9>0,T9=""),"Isi alasan Tidak Berlaku",IF(AND(SUM(AG9,AH9)>0,OR(T9="",U9="",V9="",W9="")),"Isi kendala dan tindak lanjut",IF(AND(Y9<>"Draft",Y9<>"Dikirim"),"Isi status laporan yang valid",IF(AND(AA9<>"",AA9<>"Belum Diperiksa",AA9<>"Disetujui",AA9<>"Perlu Perbaikan"),"Hasil review tidak valid",IF(AND(Y9="Dikirim",OR(X9="",Z9="")),"Isi bukti dan waktu kirim",IF(AND(AA9="Disetujui",OR(Y9<>"Dikirim",AB9="",AC9="")),"Lengkapi pemeriksaan",IF(AND(AA9="Perlu Perbaikan",OR(AD9="",AB9="",AC9="")),"Isi pemeriksa dan catatan perbaikan","OK")))))))))))))))),"")
C10: =IF(COUNTIFS(Master_PIC!$A$8:$A$73,$B10)=1,IF(VLOOKUP($B10,Master_PIC!$A$8:$G$73,2,FALSE)="","",VLOOKUP($B10,Master_PIC!$A$8:$G$73,2,FALSE)),"") | D10: =IF(COUNTIFS(Master_PIC!$A$8:$A$73,$B10)=1,IF(VLOOKUP($B10,Master_PIC!$A$8:$G$73,4,FALSE)="","",VLOOKUP($B10,Master_PIC!$A$8:$G$73,4,FALSE)),"") | E10: =IF(COUNTIFS(Master_PIC!$A$8:$A$73,$B10)=1,IF(VLOOKUP($B10,Master_PIC!$A$8:$G$73,5,FALSE)="","",VLOOKUP($B10,Master_PIC!$A$8:$G$73,5,FALSE)),"") | F10: =IF(COUNTIFS(Master_PIC!$A$8:$A$73,$B10)=1,IF(VLOOKUP($B10,Master_PIC!$A$8:$G$73,6,FALSE)="","",VLOOKUP($B10,Master_PIC!$A$8:$G$73,6,FALSE)),"") | AE10: =IF(OR($A10<>"",$B10<>""),13-AI10,"") | AF10: =IF(OR($A10<>"",$B10<>""),COUNTIFS(G10:S10,"Selesai"),"") | AG10: =IF(OR($A10<>"",$B10<>""),COUNTIFS(G10:S10,"Proses"),"") | AH10: =IF(OR($A10<>"",$B10<>""),COUNTIFS(G10:S10,"Belum"),"") | AI10: =IF(OR($A10<>"",$B10<>""),COUNTIFS(G10:S10,"Tidak Berlaku"),"") | AJ10: =IF(OR($A10<>"",$B10<>""),COUNTBLANK(G10:S10),"") | AK10: =IF(OR($A10<>"",$B10<>""),IF(AE10=0,"n.a.",AF10/AE10),"") | AL10: =IF(OR($A10<>"",$B10<>""),IF(OR($A10="",$B10=""),"Isi tanggal dan ID PIC",IF(NOT(ISNUMBER($A10)),"Tanggal harus berupa tanggal Excel",IF(COUNTIFS(Master_PIC!$A$8:$A$73,$B10)<>1,"ID PIC tidak unik/terdaftar",IF(VLOOKUP($B10,Master_PIC!$A$8:$G$73,3,FALSE)<>"SPV","Jabatan tidak sesuai sheet",IF(OR($C10="",$D10="",$E10="",$F10=""),"Lengkapi master PIC",IF(COUNTIFS($A$8:$A$507,$A10,$B$8:$B$507,$B10)>1,"Laporan ganda",IF(COUNTIFS(G10:O10,"Tidak Berlaku")>0,"N/A hanya untuk kegiatan bersyarat",IF(SUM(AF10,AG10,AH10,AI10,AJ10)<>13,"Status kegiatan tidak valid",IF(AJ10>0,"Lengkapi status kegiatan",IF(AND(AI10>0,T10=""),"Isi alasan Tidak Berlaku",IF(AND(SUM(AG10,AH10)>0,OR(T10="",U10="",V10="",W10="")),"Isi kendala dan tindak lanjut",IF(AND(Y10<>"Draft",Y10<>"Dikirim"),"Isi status laporan yang valid",IF(AND(AA10<>"",AA10<>"Belum Diperiksa",AA10<>"Disetujui",AA10<>"Perlu Perbaikan"),"Hasil review tidak valid",IF(AND(Y10="Dikirim",OR(X10="",Z10="")),"Isi bukti dan waktu kirim",IF(AND(AA10="Disetujui",OR(Y10<>"Dikirim",AB10="",AC10="")),"Lengkapi pemeriksaan",IF(AND(AA10="Perlu Perbaikan",OR(AD10="",AB10="",AC10="")),"Isi pemeriksa dan catatan perbaikan","OK")))))))))))))))),"")
